Workbook
Name EVOLUÇÃO_DO_SALDO_DE_EMPREGO_FORMAL__SEGUNDO_O_CAGED_NOS_MESES_DE_DEZEMBRO___2003_A_2016: #REF!
Name EVOLUÇÃO_DO_SALDO_DE_EMPREGO_FORMAL__SEGUNDO_O_CAGED_NOS_MESES_DE_DEZEMBRO___2003_A_2016: #REF!
Name EVOLUÇÃO_DO_SALDO_DE_EMPREGO_FORMAL__SEGUNDO_O_CAGED_NOS_MESES_DE_DEZEMBRO___2003_A_2016: #REF!
Name evoluçãso: #REF!
Name evoluçãso: #REF!
Name SAIA_BR_RAZAON_BRASIL: "#ref!"
Name SAIA_BR_RAZAON_GR: "#ref!"
Name SAIA_BR_TOTALN_BRASIL: "#ref!"
Name SAIA_BR_TOTALN_GR: "#ref!"
Name SAIT_BR_RAZAO_BRASIL: "#ref!"
Name SAIT_BR_RAZAO_GR: "#ref!"
Name SAIT_BR_TOTAL_BRASIL: "#ref!"
Name SAIT_BR_TOTAL_GR: "#ref!"

Sheet CAGED

Sheet Sumário
B2: Ministério do Trabalho e Emprego
B3: Secretaria-Executiva
B4: Subsecretaria de Estatísticas e Estudos do Trabalho
B5: Coordenação-Geral de Estudos e Estatísticas do Trabalho
B9: Sumário:
B12: Nº | C12: TABELA
B14: RESULTADOS MENSAIS
B15: 1 | C15: =#REF! -> #REF!
B16: 2 | C16: =#REF! -> #REF!
B17: 3 | C17: =#REF! -> #REF!
B18: 4 | C18: ='Tabela 4'!B2 -> TABELA 4 - SALDO POR UNIDADE DA FEDERAÇÃO, GRUPAMENTO DE ATIVIDADES ECONÔMICAS E SEÇÃO CNAE 2.0 EM JULHO DE 2026 - SEM AJUSTES
B19: SÉRIES HISTÓRICAS
B20: 5 | C20: =#REF! -> #REF!
B21: 6 | C21: =#REF! -> #REF!
B22: 7 | C22: ='Tabela 6'!B2 -> TABELA 6 - EVOLUÇÃO MENSAL DE ESTOQUE, ADMISSÕES, DESLIGAMENTOS E SALDO POR GRUPAMENTO DE ATIVIDADES ECONÔMICAS - SÉRIE SEM AJUSTES
B23: 8 | C23: ='Tabela 6.1'!B2 -> TABELA 6.1 - EVOLUÇÃO MENSAL DE ESTOQUE, ADMISSÕES, DESLIGAMENTOS E SALDO POR GRUPAMENTO DE ATIVIDADES ECONÔMICAS - SÉRIE COM AJUSTES
B24: 9 | C24: =#REF! -> #REF!
B25: 10 | C25: =#REF! -> #REF!
B26: 11 | C26: =#REF! -> #REF!
B27: 12 | C27: =#REF! -> #REF!
B28: 13 | C28: ='Tabela 9'!B2 -> TABELA 9 - EVOLUÇÃO DO SALÁRIO MÉDIO REAL DE ADMISSÃO E DESLIGAMENTO POR MÊS - SEM AJUSTES
B29: 14 | C29: =#REF! -> #REF!
B30: 15 | C30: ='Tabela 11'!B2 -> TABELA 11 - TAXA DE ROTATIVIDADE POR NÍVEL GEOGRÁFICO - AGOSTO DE 2025 A JULHO DE 2026

Sheet Tabela 4
B2: TABELA 4 - SALDO POR UNIDADE DA FEDERAÇÃO, GRUPAMENTO DE ATIVIDADES ECONÔMICAS E SEÇÃO CNAE 2.0 EM JULHO DE 2026 - SEM AJUSTES
B5: Grupamento de Atividades Econômicas e Seção CNAE 2.0 | C5: Unidade da Federação
C6: Rondônia | D6: Acre | E6: Amazonas | F6: Roraima | G6: Pará | H6: Amapá | I6: Tocantins | J6: Maranhão | K6: Piauí | L6: Ceará | M6: Rio Grande do Norte | N6: Paraíba | O6: Pernambuco | P6: Alagoas | Q6: Sergipe | R6: Bahia | S6: Minas Gerais | T6: Espírito Santo | U6: Rio de Janeiro | V6: São Paulo | W6: Paraná | X6: Santa Catarina | Y6: Rio Grande do Sul | Z6: Mato Grosso do Sul | AA6: Mato Grosso | AB6: Goiás | AC6: Distrito Federal | AD6: Não identificado | AE6: Total
B7: Total | C7: 199 | D7: 280 | E7: 3650 | F7: 386 | G7: 3816 | H7: 410 | I7: -366 | J7: 654 | K7: 1987 | L7: 4181 | M7: 999 | N7: 2307 | O7: 1883 | P7: 1203 | Q7: 1095 | R7: 4664 | S7: 5199 | T7: -2605 | U7: 1260 | V7: 17814 | W7: 523 | X7: -248 | Y7: -903 | Z7: 730 | AA7: 5766 | AB7: 3581 | AC7: -134 | AD7: 237 | AE7: 58568
B8: Agricultura, pecuária, produção florestal, pesca e aquicultura | C8: -38 | D8: 21 | E8: 138 | F8: -75 | G8: 710 | H8: 13 | I8: -188 | J8: -392 | K8: -41 | L8: 376 | M8: 1291 | N8: 152 | O8: 641 | P8: 316 | Q8: -50 | R8: 135 | S8: 1323 | T8: -5852 | U8: -40 | V8: 9298 | W8: -516 | X8: 75 | Y8: 189 | Z8: -213 | AA8: 3377 | AB8: 1754 | AC8: 150 | AD8: -31 | AE8: 12523
B9: Indústria geral | C9: 212 | D9: 54 | E9: 341 | F9: -64 | G9: 116 | H9: 43 | I9: 199 | J9: 153 | K9: 266 | L9: -408 | M9: 383 | N9: 1298 | O9: 916 | P9: 439 | Q9: 157 | R9: 2016 | S9: 412 | T9: 1841 | U9: -277 | V9: 2262 | W9: 223 | X9: -49 | Y9: -304 | Z9: -556 | AA9: 1095 | AB9: 527 | AC9: -28 | AD9: 48 | AE9: 11315
B10: Indústrias Extrativas | C10: 70 | D10: -2 | E10: -5 | F10: 2 | G10: -79 | H10: 18 | I10: -1 | J10: 9 | K10: -38 | L10: 19 | M10: -31 | N10: 7 | O10: 10 | P10: -10 | Q10: 21 | R10: 81 | S10: -171 | T10: -31 | U10: 89 | V10: -16 | W10: -4 | X10: -28 | Y10: -34 | Z10: 9 | AA10: 90 | AB10: 43 | AC10: 0 | AD10: 0 | AE10: 18
B11: Indústrias de Transformação | C11: 150 | D11: 54 | E11: 380 | F11: -34 | G11: 347 | H11: 38 | I11: 193 | J11: 153 | K11: 319 | L11: -258 | M11: 367 | N11: 1297 | O11: 798 | P11: 347 | Q11: 66 | R11: 1636 | S11: 496 | T11: 1853 | U11: -680 | V11: 1598 | W11: 229 | X11: 13 | Y11: -327 | Z11: -581 | AA11: 876 | AB11: 551 | AC11: -20 | AD11: 47 | AE11: 9908
B12: Eletricidade e Gás | C12: 18 | D12: -1 | E12: -1 | F12: -23 | G12: -26 | H12: -1 | I12: -11 | J12: -1 | K12: -3 | L12: 22 | M12: 28 | N12: -10 | O12: -29 | P12: 87 | Q12: -7 | R12: 263 | S12: -44 | T12: -4 | U12: 205 | V12: 83 | W12: -43 | X12: -27 | Y12: -17 | Z12: 12 | AA12: 25 | AB12: -41 | AC12: 3 | AD12: 0 | AE12: 457
B13: Água, Esgoto, Atividades de Gestão de Resíduos e Descontaminação | C13: -26 | D13: 3 | E13: -33 | F13: -9 | G13: -126 | H13: -12 | I13: 18 | J13: -8 | K13: -12 | L13: -191 | M13: 19 | N13: 4 | O13: 137 | P13: 15 | Q13: 77 | R13: 36 | S13: 131 | T13: 23 | U13: 109 | V13: 597 | W13: 41 | X13: -7 | Y13: 74 | Z13: 4 | AA13: 104 | AB13: -26 | AC13: -11 | AD13: 1 | AE13: 932
B14: Construção | C14: 42 | D14: -176 | E14: 582 | F14: 209 | G14: 1463 | H14: 109 | I14: -34 | J14: 379 | K14: 523 | L14: 1284 | M14: -271 | N14: 418 | O14: 265 | P14: -108 | Q14: 348 | R14: 670 | S14: 3337 | T14: 1018 | U14: 838 | V14: -1000 | W14: 188 | X14: -111 | Y14: -201 | Z14: 1188 | AA14: 191 | AB14: 1475 | AC14: 31 | AD14: 34 | AE14: 12691
B15: Comércio; reparação de veículos automotores e motocicletas | C15: -205 | D15: 41 | E15: 370 | F15: 60 | G15: 244 | H15: 125 | I15: -210 | J15: 212 | K15: 254 | L15: -3 | M15: 204 | N15: -132 | O15: -357 | P15: 52 | Q15: 35 | R15: -1193 | S15: -650 | T15: -3 | U15: -138 | V15: 1303 | W15: -869 | X15: -74 | Y15: -759 | Z15: -80 | AA15: -303 | AB15: -472 | AC15: 362 | AD15: 130 | AE15: -2056
B16: Serviços | C16: 188 | D16: 344 | E16: 2219 | F16: 256 | G16: 1283 | H16: 120 | I16: -133 | J16: 302 | K16: 985 | L16: 2931 | M16: -608 | N16: 571 | O16: 418 | P16: 504 | Q16: 607 | R16: 3037 | S16: 776 | T16: 391 | U16: 877 | V16: 5946 | W16: 1497 | X16: -89 | Y16: 172 | Z16: 391 | AA16: 1406 | AB16: 300 | AC16: -649 | AD16: 56 | AE16: 24098
B17: Transporte, armazenagem e correio | C17: -18 | D17: -122 | E17: 98 | F17: 49 | G17: 198 | H17: 18 | I17: -16 | J17: -3 | K17: 32 | L17: -16 | M17: 84 | N17: 57 | O17: 205 | P17: -57 | Q17: 74 | R17: 177 | S17: 2303 | T17: 289 | U17: 562 | V17: 8957 | W17: 728 | X17: 754 | Y17: 283 | Z17: -148 | AA17: -1 | AB17: 682 | AC17: 56 | AD17: -3 | AE17: 15222
B18: Alojamento e alimentação | C18: 75 | D18: 20 | E18: 64 | F18: 46 | G18: 295 | H18: 60 | I18: -17 | J18: 150 | K18: 180 | L18: 176 | M18: 78 | N18: -116 | O18: 116 | P18: -3 | Q18: -38 | R18: 208 | S18: -237 | T18: -129 | U18: -1006 | V18: -1754 | W18: -227 | X18: -337 | Y18: 44 | Z18: 38 | AA18: 356 | AB18: 152 | AC18: -17 | AD18: 12 | AE18: -1811
... B34: Não identificado | C34: 0 | D34: -4 | E34: 0 | F34: 0 | G34: 0 | H34: 0 | I34: 0 | J34: 0 | K34: 0 | L34: 1 | M34: 0 | N34: 0 | O34: 0 | P34: 0 | Q34: -2 | R34: -1 | S34: 1 | T34: 0 | U34: 0 | V34: 5 | W34: 0 | X34: 0 | Y34: 0 | Z34: 0 | AA34: 0 | AB34: -3 | AC34: 0 | AD34: 0 | AE34: -3
B37: Fonte: Novo Caged – MTE.

Sheet Tabela 6
B2: TABELA 6 - EVOLUÇÃO MENSAL DE ESTOQUE, ADMISSÕES, DESLIGAMENTOS E SALDO POR GRUPAMENTO DE ATIVIDADES ECONÔMICAS - SÉRIE SEM AJUSTES
B5: Grupamento de Atividades Econômicas e Seção CNAE 2.0 | C5: Janeiro/2020 | G5: Fevereiro/2020 | L5: Março/2020 | Q5: Abril/2020 | V5: Maio/2020 | AA5: Junho/2020 | AF5: Julho/2020 | AK5: Agosto/2020 | AP5: Setembro/2020 | AU5: Outubro/2020 | AZ5: Novembro/2020 | BE5: Dezembro/2020 | BJ5: Janeiro/2021 | BO5: Fevereiro/2021 | BT5: Março/2021 | BY5: Abril/2021 | CD5: Maio/2021 | CI5: Junho/2021 | CN5: Julho/2021 | CS5: Agosto/2021 | CX5: Setembro/2021 | DC5: Outubro/2021 | DH5: Novembro/2021 | DM5: Dezembro/2021 | DR5: Janeiro/2022 | DW5: Fevereiro/2022 | EB5: Março/2022 | EG5: Abril/2022 | EL5: Maio/2022 | EQ5: Junho/2022 | EV5: Julho/2022 | FA5: Agosto/2022 | FF5: Setembro/2022 | FK5: Outubro/2022 | FP5: Novembro/2022 | FU5: Dezembro/2022 | FZ5: Janeiro/2023 | GE5: Fevereiro/2023 | GJ5: Março/2023 | GO5: Abril/2023 | GT5: Maio/2023 | GY5: Junho/2023 | HD5: Julho/2023 | HI5: Agosto/2023 | HN5: Setembro/2023 | HS5: Outubro/2023 | HX5: Novembro/2023 | IC5: Dezembro/2023 | IH5: Janeiro/2024 | IM5: Fevereiro/2024 | IR5: Março/2024 | IW5: Abril/2024 | JB5: Maio/2024 | JG5: Junho/2024 | JL5: Julho/2024 | JQ5: Agosto/2024 | JV5: Setembro/2024 | KA5: Outubro/2024 | KF5: Novembro/2024 | KK5: Dezembro/2024 | KP5: Janeiro/2025 | KU5: Fevereiro/2025 | KZ5: Março/2025 | LE5: Abril/2025 | LJ5: Maio/2025 | LO5: Junho/2025 | LT5: Julho/2025 | LY5: Agosto/2025 | MD5: Setembro/2025 | MI5: Outubro/2025 | MN5: Novembro/2025 | MS5: Dezembro/2025 | MX5: Janeiro/2026 | NC5: Fevereiro/2026 | NH5: Março/2026 | NM5: Abril/2026 | NR5: Maio/2026 | NW5: Junho/2026 | OB5: Julho/2026 | OG5: Acumulado do Ano (2026) - sem ajustes | OK5: Últimos 12 Meses** (Ago/25 a Jul/26) - sem ajuste
C6: Estoque | D6: Admissões | E6: Desligamentos | F6: Saldos | G6: Estoque | H6: Admissões | I6: Desligamentos | J6: Saldos | K6: Variação Relativa (%) | L6: Estoque | M6: Admissões | N6: Desligamentos | O6: Saldos | P6: Variação Relativa (%) | Q6: Estoque | R6: Admissões | S6: Desligamentos | T6: Saldos | U6: Variação Relativa (%) | V6: Estoque | W6: Admissões | X6: Desligamentos | Y6: Saldos | Z6: Variação Relativa (%) | AA6: Estoque | AB6: Admissões | AC6: Desligamentos | AD6: Saldos | AE6: Variação Relativa (%) | AF6: Estoque | AG6: Admissões | AH6: Desligamentos | AI6: Saldos | AJ6: Variação Relativa (%) | AK6: Estoque | AL6: Admissões | AM6: Desligamentos | AN6: Saldos | AO6: Variação Relativa (%) | AP6: Estoque | AQ6: Admissões | AR6: Desligamentos | AS6: Saldos | AT6: Variação Relativa (%) | AU6: Estoque | AV6: Admissões | AW6: Desligamentos | AX6: Saldos | AY6: Variação Relativa (%) | AZ6: Estoque | BA6: Admissões | BB6: Desligamentos | BC6: Saldos | BD6: Variação Relativa (%) | BE6: Estoque | BF6: Admissões | BG6: Desligamentos | BH6: Saldos | BI6: Variação Relativa (%) | BJ6: Estoque | BK6: Admissões | BL6: Desligamentos | BM6: Saldos | BN6: Variação Relativa (%) | BO6: Estoque | BP6: Admissões | BQ6: Desligamentos | BR6: Saldos | BS6: Variação Relativa (%) | BT6: Estoque | BU6: Admissões | BV6: Desligamentos | BW6: Saldos | BX6: Variação Relativa (%) | BY6: Estoque | BZ6: Admissões | CA6: Desligamentos | CB6: Saldos | CC6: Variação Relativa (%) | CD6: Estoque | CE6: Admissões | CF6: Desligamentos | CG6: Saldos | CH6: Variação Relativa (%) | CI6: Estoque | CJ6: Admissões | CK6: Desligamentos | CL6: Saldos | CM6: Variação Relativa (%) | CN6: Estoque | CO6: Admissões | CP6: Desligamentos | CQ6: Saldos | CR6: Variação Relativa (%) | CS6: Estoque | CT6: Admissões | CU6: Desligamentos | CV6: Saldos | CW6: Variação Relativa (%) | CX6: Estoque | CY6: Admissões | CZ6: Desligamentos | DA6: Saldos | DB6: Variação Relativa (%) | DC6: Estoque | DD6: Admissões | DE6: Desligamentos | DF6: Saldos | DG6: Variação Relativa (%) | DH6: Estoque | DI6: Admissões | DJ6: Desligamentos | DK6: Saldos | DL6: Variação Relativa (%) | DM6: Estoque | DN6: Admissões | DO6: Desligamentos | DP6: Saldos | DQ6: Variação Relativa (%) | DR6: Estoque | DS6: Admissões | DT6: Desligamentos | DU6: Saldos | DV6: Variação Relativa (%) | DW6: Estoque | DX6: Admissões | DY6: Desligamentos | DZ6: Saldos | EA6: Variação Relativa (%) | EB6: Estoque | EC6: Admissões | ED6: Desligamentos | EE6: Saldos | EF6: Variação Relativa (%) | EG6: Estoque | EH6: Admissões | EI6: Desligamentos | EJ6: Saldos | EK6: Variação Relativa (%) | EL6: Estoque | EM6: Admissões | EN6: Desligamentos | EO6: Saldos | EP6: Variação Relativa (%) | EQ6: Estoque | ER6: Admissões | ES6: Desligamentos | ET6: Saldos | EU6: Variação Relativa (%) | EV6: Estoque | EW6: Admissões | EX6: Desligamentos | EY6: Saldos | EZ6: Variação Relativa (%) | FA6: Estoque | FB6: Admissões | FC6: Desligamentos | FD6: Saldos | FE6: Variação Relativa (%) | FF6: Estoque | FG6: Admissões | FH6: Desligamentos | FI6: Saldos | FJ6: Variação Relativa (%) | FK6: Estoque | FL6: Admissões | FM6: Desligamentos | FN6: Saldos | FO6: Variação Relativa (%) | FP6: Estoque | FQ6: Admissões | FR6: Desligamentos | FS6: Saldos | FT6: Variação Relativa (%) | FU6: Estoque | FV6: Admissões | FW6: Desligamentos | FX6: Saldos | FY6: Variação Relativa (%) | FZ6: Estoque | GA6: Admissões | GB6: Desligamentos | GC6: Saldos | GD6: Variação Relativa (%) | GE6: Estoque | GF6: Admissões | GG6: Desligamentos | GH6: Saldos | GI6: Variação Relativa (%) | GJ6: Estoque | GK6: Admissões | GL6: Desligamentos | GM6: Saldos | GN6: Variação Relativa (%) | GO6: Estoque | GP6: Admissões | GQ6: Desligamentos | GR6: Saldos | GS6: Variação Relativa (%) | GT6: Estoque | GU6: Admissões | GV6: Desligamentos | GW6: Saldos | GX6: Variação Relativa (%) | GY6: Estoque | GZ6: Admissões | HA6: Desligamentos | HB6: Saldos | HC6: Variação Relativa (%) | HD6: Estoque | HE6: Admissões | HF6: Desligamentos | HG6: Saldos | HH6: Variação Relativa (%) | HI6: Estoque | HJ6: Admissões | HK6: Desligamentos | HL6: Saldos | HM6: Variação Relativa (%) | HN6: Estoque | HO6: Admissões | HP6: Desligamentos | HQ6: Saldos | HR6: Variação Relativa (%) | HS6: Estoque | HT6: Admissões | HU6: Desligamentos | HV6: Saldos | HW6: Variação Relativa (%) | HX6: Estoque | HY6: Admissões | HZ6: Desligamentos | IA6: Saldos | IB6: Variação Relativa (%) | IC6: Estoque | ID6: Admissões | IE6: Desligamentos | IF6: Saldos | IG6: Variação Relativa (%) | IH6: Estoque | II6: Admissões | IJ6: Desligamentos | IK6: Saldos | IL6: Variação Relativa (%) | IM6: Estoque | IN6: Admissões | IO6: Desligamentos | IP6: Saldos | IQ6: Variação Relativa (%) | IR6: Estoque | IS6: Admissões | IT6: Desligamentos | IU6: Saldos | IV6: Variação Relativa (%) | IW6: Estoque | IX6: Admissões | IY6: Desligamentos | IZ6: Saldos | JA6: Variação Relativa (%) | JB6: Estoque | JC6: Admissões | JD6: Desligamentos | JE6: Saldos | JF6: Variação Relativa (%) | JG6: Estoque | JH6: Admissões | JI6: Desligamentos | JJ6: Saldos | JK6: Variação Relativa (%) | JL6: Estoque | JM6: Admissões | JN6: Desligamentos | JO6: Saldos | JP6: Variação Relativa (%) | JQ6: Estoque | JR6: Admissões | JS6: Desligamentos | JT6: Saldos | JU6: Variação Relativa (%) | JV6: Estoque | JW6: Admissões | JX6: Desligamentos | JY6: Saldos | JZ6: Variação Relativa (%) | KA6: Estoque | KB6: Admissões | KC6: Desligamentos | KD6: Saldos | KE6: Variação Relativa (%) | KF6: Estoque | KG6: Admissões | KH6: Desligamentos | KI6: Saldos | KJ6: Variação Relativa (%) | KK6: Estoque | KL6: Admissões | KM6: Desligamentos | KN6: Saldos | KO6: Variação Relativa (%) | KP6: Estoque | KQ6: Admissões | KR6: Desligamentos | KS6: Saldos | KT6: Variação Relativa (%) | KU6: Estoque | KV6: Admissões | KW6: Desligamentos | KX6: Saldos | KY6: Variação Relativa (%) | KZ6: Estoque | LA6: Admissões | LB6: Desligamentos | LC6: Saldos | LD6: Variação Relativa (%) | LE6: Estoque | LF6: Admissões | LG6: Desligamentos | LH6: Saldos | LI6: Variação Relativa (%) | LJ6: Estoque | LK6: Admissões | LL6: Desligamentos | LM6: Saldos | LN6: Variação Relativa (%) | LO6: Estoque | LP6: Admissões | LQ6: Desligamentos | LR6: Saldos | LS6: Variação Relativa (%) | LT6: Estoque | LU6: Admissões | LV6: Desligamentos | LW6: Saldos | LX6: Variação Relativa (%) | LY6: Estoque | LZ6: Admissões | MA6: Desligamentos | MB6: Saldos | MC6: Variação Relativa (%) | MD6: Estoque | ME6: Admissões | MF6: Desligamentos | MG6: Saldos | MH6: Variação Relativa (%) | MI6: Estoque | MJ6: Admissões | MK6: Desligamentos | ML6: Saldos | MM6: Variação Relativa (%) | MN6: Estoque | MO6: Admissões | MP6: Desligamentos | MQ6: Saldos | MR6: Variação Relativa (%) | MS6: Estoque**** (Estoque de referência de 2024) | MT6: Admissões | MU6: Desligamentos | MV6: Saldos | MW6: Variação Relativa (%) | MX6: Estoque | MY6: Admissões | MZ6: Desligamentos | NA6: Saldos | NB6: Variação Relativa (%) | NC6: Estoque | ND6: Admissões | NE6: Desligamentos | NF6: Saldos | NG6: Variação Relativa (%) | NH6: Estoque | NI6: Admissões | NJ6: Desligamentos | NK6: Saldos | NL6: Variação Relativa (%) | NM6: Estoque | NN6: Admissões | NO6: Desligamentos | NP6: Saldos | NQ6: Variação Relativa (%) | NR6: Estoque | NS6: Admissões | NT6: Desligamentos | NU6: Saldos | NV6: Variação Relativa (%) | NW6: Estoque | NX6: Admissões | NY6: Desligamentos | NZ6: Saldos | OA6: Variação Relativa (%) | OB6: Estoque | OC6: Admissões | OD6: Desligamentos | OE6: Saldos | OF6: Variação Relativa (%) | OG6: Admissões | OH6: Desligamentos | OI6: Saldos | OJ6: Variação Relativa (%) | OK6: Admissões | OL6: Desligamentos | OM6: Saldos | ON6: Variação Relativa (%)
B7: Total | C7: =G7-J7 -> 37756445 | D7: 1384986 | E7: 1292308 | F7: 92678 | G7: =L7-O7 -> 37954813 | H7: 1483832 | I7: 1285464 | J7: 198368 | K7: =(J7/C7)*100 -> 0.52538845 | L7: =Q7-T7 -> 37722497 | M7: 1347665 | N7: 1579981 | O7: -232316 | P7: =(O7/G7)*100 -> -0.61208575 | Q7: =V7-Y7 -> 36820180 | R7: 617644 | S7: 1519961 | T7: -902317 | U7: =(T7/L7)*100 -> -2.3919864 | V7: =AA7-AD7 -> 36467390 | W7: 716330 | X7: 1069120 | Y7: -352790 | Z7: =(Y7/Q7)*100 -> -0.95814306 | AA7: =AF7-AI7 -> 36444279 | AB7: 910176 | AC7: 933287 | AD7: -23111 | AE7: =(AD7/V7)*100 -> -0.063374428 | AF7: =AK7-AN7 -> 36567576 | AG7: 1061898 | AH7: 938601 | AI7: 123297 | AJ7: =(AI7/AA7)*100 -> 0.33831647 | AK7: =AP7-AS7 -> 36805701 | AL7: 1257362 | AM7: 1019237 | AN7: 238125 | AO7: =(AN7/AF7)*100 -> 0.65119165 | AP7: =AU7-AX7 -> 37119265 | AQ7: 1406746 | AR7: 1093182 | AS7: 313564 | AT7: =(AS7/AK7)*100 -> 0.85194411 | AU7: =AZ7-BC7 -> 37508203 | AV7: 1571402 | AW7: 1182464 | AX7: 388938 | AY7: =(AX7/AP7)*100 -> 1.0478063 | AZ7: =BE7-BH7 -> 37917151 | BA7: 1552837 | BB7: 1143889 | BC7: 408948 | BD7: =(BC7/AU7)*100 -> 1.0902895 | BE7: =BJ7-BM7 -> 37835033 | BF7: 1256247 | BG7: 1338365 | BH7: -82118 | BI7: =(BH7/AZ7)*100 -> -0.21657218 | BJ7: =BO7-BR7 -> 38092092 | BK7: 1550075 | BL7: 1293016 | BM7: 257059 | BN7: =(BM7/BE7)*100 -> 0.67942058 | BO7: =BT7-BW7 -> 38490007 | BP7: 1715425 | BQ7: 1317510 | BR7: 397915 | BS7: =(BR7/BJ7)*100 -> 1.0446131 | BT7: =BY7-CB7 -> 38666337 | BU7: 1626885 | BV7: 1450555 | BW7: 176330 | BX7: =(BW7/BO7)*100 -> 0.45811891 | BY7: =CD7-CG7 -> 38780259 | BZ7: 1396311 | CA7: 1282389 | CB7: 113922 | CC7: =(CB7/BT7)*100 -> 0.29462837 | CD7: =CI7-CL7 -> 39058964 | CE7: 1558316 | CF7: 1279611 | CG7: 278705 | CH7: =(CG7/BY7)*100 -> 0.71867751 | CI7: =CN7-CQ7 -> 39369000 | CJ7: 1609748 | CK7: 1299712 | CL7: 310036 | CM7: =(CL7/CD7)*100 -> 0.79376401 | CN7: =CS7-CV7 -> 39685725 | CO7: 1666051 | CP7: 1349326 | CQ7: 316725 | CR7: =(CQ7/CI7)*100 -> 0.80450354 | CS7: =CX7-DA7 -> 40059069 | CT7: 1819411 | CU7: 1446067 | CV7: 373344 | CW7: =(CV7/CN7)*100 -> 0.94075137 | CX7: =DC7-DF7 -> 40376062 | CY7: 1789967 | CZ7: 1472974 | DA7: 316993 | DB7: =(DA7/CS7)*100 -> 0.79131395 | DC7: =DH7-DK7 -> 40629145 | DD7: =DE7+DF7 -> 1760739 | DE7: 1507656 | DF7: 253083 | DG7: =(DF7/CX7)*100 -> 0.62681447 | DH7: =DM7-DP7 -> 40953257 | DI7: 1772766 | DJ7: 1448654 | DK7: 324112 | DL7: =(DK7/DC7)*100 -> 0.79773276 | DM7: =DR7-DU7 -> 40687446 | DN7: 1437910 | DO7: 1703721 | DP7: -265811 | DQ7: =(DP7/DH7)*100 -> -0.64905949 | DR7: =DW7-DZ7 -> 40842624 | DS7: 1777646 | DT7: 1622468 | DU7: 155178 | DV7: =(DU7/DM7)*100 -> 0.38139037 | DW7: =EB7-EE7 -> 41171131 | DX7: 2013143 | DY7: 1684636 | DZ7: 328507 | EA7: =(DZ7/DR7)*100 -> 0.80432393 | EB7: =EG7-EJ7 -> 41307320 | EC7: 1953071 | ED7: 1816882 | EE7: 136189 | EF7: =(EE7/DW7)*100 -> 0.33078761 | EG7: =EL7-EO7 -> 41504286 | EH7: 1854557 | EI7: 1657591 | EJ7: 196966 | EK7: =(EJ7/EB7)*100 -> 0.47683074 | EL7: =EQ7-ET7 -> 41781304 | EM7: 1960960 | EN7: 1683942 | EO7: 277018 | EP7: =(EO7/EG7)*100 -> 0.66744432 | EQ7: =EV7-EY7 -> 42059248 | ER7: 1898876 | ES7: 1620932 | ET7: 277944 | EU7: =(ET7/EL7)*100 -> 0.66523534 | EV7: =FA7-FD7 -> 42278150 | EW7: 1886537 | EX7: 1667635 | EY7: 218902 | EZ7: =(EY7/EQ7)*100 -> 0.52046104 | FA7: =FF7-FI7 -> 42556789 | FB7: 2051800 | FC7: 1773161 | FD7: 278639 | FE7: =(FD7/EV7)*100 -> 0.65906148 | FF7: =FK7-FN7 -> 42834874 | FG7: 1926572 | FH7: 1648487 | FI7: 278085 | FJ7: =(FI7/FA7)*100 -> 0.65344451 | FK7: =FP7-FS7 -> 42994328 | FL7: 1789462 | FM7: 1630008 | FN7: 159454 | FO7: =(FN7/FF7)*100 -> 0.37225276 | FP7: =FU7-FX7 -> 43129823 | FQ7: 1747894 | FR7: 1612399 | FS7: 135495 | FT7: =(FS7/FK7)*100 -> 0.31514622 | FU7: =FZ7-GC7 -> 42698812 | FV7: 1382923 | FW7: 1813934 | FX7: -431011 | FY7: =(FX7/FP7)*100 -> -0.99933403 | FZ7: =GE7-GH7 -> 42782109 | GA7: 1874226 | GB7: 1790929 | GC7: 83297 | GD7: =(GC7/FU7)*100 -> 0.19508037 | GE7: =GJ7-GM7 -> 43023894 | GF7: 1949844 | GG7: 1708059 | GH7: 241785 | GI7: =(GH7/FZ7)*100 -> 0.56515447 | GJ7: =GO7-GR7 -> 43219065 | GK7: 2168418 | GL7: 1973247 | GM7: 195171 | GN7: =(GM7/GE7)*100 -> 0.45363397 | GO7: =GT7-GW7 -> 43399070 | GP7: 1865279 | GQ7: 1685274 | GR7: 180005 | GS7: =(GR7/GJ7)*100 -> 0.41649443 | GT7: =GY7-HB7 -> 43554340 | GU7: 2000202 | GV7: 1844932 | GW7: 155270 | GX7: =(GW7/GO7)*100 -> 0.35777264 | GY7: =HD7-HG7 -> 43711538 | GZ7: 1914130 | HA7: 1756932 | HB7: 157198 | HC7: =(HB7/GT7)*100 -> 0.36092385 | HD7: =HI7-HL7 -> 43854240 | HE7: 1883198 | HF7: 1740496 | HG7: 142702 | HH7: =(HG7/GY7)*100 -> 0.326463 | HI7: =HN7-HQ7 -> 44075084 | HJ7: 2099211 | HK7: 1878367 | HL7: 220844 | HM7: =(HL7/HD7)*100 -> 0.50358643 | HN7: =HS7-HV7 -> 44286848 | HO7: 1917057 | HP7: 1705293 | HQ7: 211764 | HR7: =(HQ7/HI7)*100 -> 0.48046193 | HS7: =HX7-IA7 -> 44477214 | HT7: 1941281 | HU7: 1750915 | HV7: 190366 | HW7: =(HV7/HN7)*100 -> 0.42984771 | HX7: =IC7-IF7 -> 44607311 | HY7: 1866752 | HZ7: 1736655 | IA7: 130097 | IB7: =(IA7/HS7)*100 -> 0.29250258 | IC7: =IH7-IK7 -> 44177152 | ID7: 1502563 | IE7: 1932722 | IF7: -430159 | IG7: =(IF7/HX7)*100 -> -0.96432399 | IH7: =IM7-IP7 -> 44357547 | II7: 2067817 | IJ7: 1887422 | IK7: 180395 | IL7: =(IK7/IC7)*100 -> 0.40834457 | IM7: =IR7-IU7 -> 44663658 | IN7: =SUM(IN8,IN9,IN14,IN15,IN16,IN34) -> 2249070 | IO7: =SUM(IO8,IO9,IO14,IO15,IO16,IO34) -> 1942959 | IP7: =SUM(IP8,IP9,IP14,IP15,IP16,IP34) -> 306111 | IQ7: =(IP7/IH7)*100 -> 0.69009903 | IR7: =IW7-IZ7 -> 44907973 | IS7: 2262420 | IT7: 2018105 | IU7: 244315 | IV7: =(IU7/IM7)*100 -> 0.54701073 | IW7: =JB7-JE7 -> 45148006 | IX7: 2260439 | IY7: 2020406 | IZ7: 240033 | JA7: =(IZ7/IR7)*100 -> 0.53449974 | JB7: =JG7-JJ7 -> 45279817 | JC7: 2116326 | JD7: 1984515 | JE7: 131811 | JF7: =(JE7/IW7)*100 -> 0.29195309 | JG7: =JL7-JO7 -> 45481522 | JH7: 2071649 | JI7: 1869944 | JJ7: 201705 | JK7: =(JJ7/JB7)*100 -> 0.44546337 | JL7: =JQ7-JT7 -> 45669543 | JM7: 2187633 | JN7: 1999612 | JO7: 188021 | JP7: =(JO7/JG7)*100 -> 0.41340085 | JQ7: =JV7-JY7 -> 45902056 | JR7: 2231410 | JS7: 1998897 | JT7: 232513 | JU7: =(JT7/JL7)*100 -> 0.50912049 | JV7: =KA7-KD7 -> 46149874 | JW7: 2163929 | JX7: 1916111 | JY7: 247818 | JZ7: =(JY7/JQ7)*100 -> 0.53988431 | KA7: =KF7-KI7 -> 46282588 | KB7: 2222962 | KC7: 2090248 | KD7: 132714 | KE7: =(KD7/JV7)*100 -> 0.28757175 | KF7: =KK7-KN7 -> 46389213 | KG7: 1978371 | KH7: 1871746 | KI7: 106625 | KJ7: =(KI7/KA7)*100 -> 0.23037821 | KK7: =KP7-KS7 -> 45853666 | KL7: 1524251 | KM7: 2059798 | KN7: -535547 | KO7: =(KN7/KF7)*100 -> -1.1544645 | KP7: =KU7-KX7 -> 45990969 | KQ7: 2271611 | KR7: 2134308 | KS7: 137303 | KT7: =(KS7/KK7)*100 -> 0.29943734 | KU7: =KZ7-LC7 -> 46422964 | KV7: 2579192 | KW7: 2147197 | KX7: 431995 | KY7: =(KX7/KP7)*100 -> 0.93930398 | KZ7: =LE7-LH7 -> 46494540 | LA7: 2234662 | LB7: 2163086 | LC7: 71576 | LD7: =(LC7/KU7)*100 -> 0.15418231 | LE7: =LJ7-LM7 -> 46752068 | LF7: 2282187 | LG7: 2024659 | LH7: 257528 | LI7: =(LH7/KZ7)*100 -> 0.55388869 | LJ7: =LO7-LR7 -> 46901060 | LK7: 2256225 | LL7: 2107233 | LM7: 148992 | LN7: =(LM7/LE7)*100 -> 0.31868537 | LO7: =LT7-LW7 -> 47067681 | LP7: 2139182 | LQ7: 1972561 | LR7: 166621 | LS7: =(LR7/LJ7)*100 -> 0.35526063 | LT7: =LY7-MB7 -> 47197456 | LU7: 2251440 | LV7: 2121665 | LW7: 129775 | LX7: =(LW7/LO7)*100 -> 0.27571998 | LY7: =MD7-MG7 -> 47344814 | LZ7: 2239895 | MA7: 2092537 | MB7: 147358 | MC7: =(MB7/LT7)*100 -> 0.31221598 | MD7: =MI7-ML7 -> 47557816 | ME7: 2292492 | MF7: 2079490 | MG7: 213002 | MH7: =(MG7/LY7)*100 -> 0.4498951 | MI7: =MN7-MQ7 -> 47642963 | MJ7: 2271460 | MK7: 2186313 | ML7: 85147 | MM7: =(ML7/MD7)*100 -> 0.17903892 | MN7: =MS7-MV7 -> 47728827 | MO7: 1979902 | MP7: 1894038 | MQ7: 85864 | MR7: =(MQ7/MI7)*100 -> 0.18022389 | MS7: 47110663 | MT7: 1523309 | MU7: 2141473 | MV7: -618164 | MW7: =(MV7/MN7)*100 -> -1.2951586 | MX7: =MS7+NA7 -> 47222997 | MY7: 2208030 | MZ7: 2095696 | NA7: 112334 | NB7: 0.23178068 | NC7: =MX7+NF7 -> 47478318 | ND7: 2381767 | NE7: 0 | NF7: 255321 | NG7: =(NF7/NC7)*100 -> 0.53776336 | NH7: =NC7+NK7 -> 47706526 | NI7: 2526660 | NJ7: 2298452 | NK7: 228208 | NL7: =(NK7/NH7)*100 -> 0.47835803 | NM7: =NH7+NP7 -> 47792414 | NN7: 2268655 | NO7: 2182767 | NP7: 85888 | NQ7: 0.17996612 | NR7: =NM7+NU7 -> 47865374 | NS7: 2207303 | NT7: 2134343 | NU7: 72960 | NV7: 0.15261993 | NW7: =NR7+NZ7 -> 48010535 | NX7: 2220131 | NY7: 2074970 | NZ7: 145161 | OA7: 0.30313143 | OB7: =NW7+OE7 -> 48069103 | OC7: 2262888 | OD7: 2204320 | OE7: 58568 | OF7: 0.121955 | OG7: =SUM(ND7,MY7,NI7,NN7,NS7,NX7,OC7) -> 16075434 | OH7: =SUM(NE7,MZ7,NJ7,NO7,NT7,NY7,OD7) -> 12990548 | OI7: =SUM(NF7,NA7,NK7,NP7,NU7,NZ7,OE7) -> 958440 | OJ7: =(OI7/MS7)*100 -> 2.0344439 | OK7: =SUM(MT7,MO7,MJ7,ME7,LZ7,MY7,ND7,NI7,NN7,NS7,NX7,OC7) -> 26382492 | OL7: =SUM(MU7,MP7,MK7,MF7,MA7,MZ7,NE7,NJ7,NO7,NT7,NY7,OD7) -> 23384399 | OM7: =SUM(MV7,MQ7,ML7,MG7,MB7,NA7,NF7,NK7,NP7,NU7,NZ7,OE7) -> 871647 | ON7: =OM7/(OB7-OM7)*100 -> 1.8468093
B8: Agricultura, pecuária, produção florestal, pesca e aquicultura | C8: =G8-J8 -> 1473456 | D8: 69520 | E8: 53425 | F8: 16095 | G8: =L8-O8 -> 1478398 | H8: 70254 | I8: 65312 | J8: 4942 | K8: =(J8/C8)*100 -> 0.33540194 | L8: =Q8-T8 -> 1473949 | M8: 68635 | N8: 73084 | O8: -4449 | P8: =(O8/G8)*100 -> -0.30093385 | Q8: =V8-Y8 -> 1468508 | R8: 52759 | S8: 58200 | T8: -5441 | U8: =(T8/L8)*100 -> -0.36914439 | V8: =AA8-AD8 -> 1484288 | W8: 69794 | X8: 54014 | Y8: 15780 | Z8: =(Y8/Q8)*100 -> 1.07456 | AA8: =AF8-AI8 -> 1521117 | AB8: 84013 | AC8: 47184 | AD8: 36829 | AE8: =(AD8/V8)*100 -> 2.481257 | AF8: =AK8-AN8 -> 1544082 | AG8: 73886 | AH8: 50921 | AI8: 22965 | AJ8: =(AI8/AA8)*100 -> 1.5097458 | AK8: =AP8-AS8 -> 1554766 | AL8: 66190 | AM8: 55506 | AN8: 10684 | AO8: =(AN8/AF8)*100 -> 0.69193216 | AP8: =AU8-AX8 -> 1562686 | AQ8: 68302 | AR8: 60382 | AS8: 7920 | AT8: =(AS8/AK8)*100 -> 0.50940141 | AU8: =AZ8-BC8 -> 1562389 | AV8: 65023 | AW8: 65320 | AX8: -297 | AY8: =(AX8/AP8)*100 -> -0.019005738 | AZ8: =BE8-BH8 -> 1546068 | BA8: 55550 | BB8: 71871 | BC8: -16321 | BD8: =(BC8/AU8)*100 -> -1.0446182 | BE8: =BJ8-BM8 -> 1522300 | BF8: 45905 | BG8: 69673 | BH8: -23768 | BI8: =(BH8/AZ8)*100 -> -1.5373192 | BJ8: =BO8-BR8 -> 1555183 | BK8: 88199 | BL8: 55316 | BM8: 32883 | BN8: =(BM8/BE8)*100 -> 2.1600867 | BO8: =BT8-BW8 -> 1578058 | BP8: 87523 | BQ8: 64648 | BR8: 22875 | BS8: =(BR8/BJ8)*100 -> 1.470888 | BT8: =BY8-CB8 -> 1581468 | BU8: 89350 | BV8: 85940 | BW8: 3410 | BX8: =(BW8/BO8)*100 -> 0.21608838 | BY8: =CD8-CG8 -> 1592594 | BZ8: 85399 | CA8: 74273 | CB8: 11126 | CC8: =(CB8/BT8)*100 -> 0.70352356 | CD8: =CI8-CL8 -> 1634874 | CE8: 105783 | CF8: 63503 | CG8: 42280 | CH8: =(CG8/BY8)*100 -> 2.6547884 | CI8: =CN8-CQ8 -> 1673255 | CJ8: 104436 | CK8: 66055 | CL8: 38381 | CM8: =(CL8/CD8)*100 -> 2.3476427 | CN8: =CS8-CV8 -> 1698775 | CO8: 93045 | CP8: 67525 | CQ8: 25520 | CR8: =(CQ8/CI8)*100 -> 1.525171 | CS8: =CX8-DA8 -> 1707885 | CT8: 84941 | CU8: 75831 | CV8: 9110 | CW8: =(CV8/CN8)*100 -> 0.53626878 | CX8: =DC8-DF8 -> 1716771 | CY8: 90004 | CZ8: 81118 | DA8: 8886 | DB8: =(DA8/CS8)*100 -> 0.52029264 | DC8: =DH8-DK8 -> 1710927 | DD8: 83540 | DE8: 89384 | DF8: -5844 | DG8: =(DF8/CX8)*100 -> -0.3404065 | DH8: =DM8-DP8 -> 1694130 | DI8: 73989 | DJ8: 90786 | DK8: -16797 | DL8: =(DK8/DC8)*100 -> -0.98174849 | DM8: =DR8-DU8 -> 1668057 | DN8: 63456 | DO8: 89529 | DP8: -26073 | DQ8: =(DP8/DH8)*100 -> -1.53902 | DR8: =DW8-DZ8 -> 1693071 | DS8: 106242 | DT8: 81228 | DU8: 25014 | DV8: =(DU8/DM8)*100 -> 1.499589 | DW8: =EB8-EE8 -> 1710486 | DX8: 104570 | DY8: 87155 | DZ8: 17415 | EA8: =(DZ8/DR8)*100 -> 1.0286042 | EB8: =EG8-EJ8 -> 1694491 | EC8: 98510 | ED8: 114505 | EE8: -15995 | EF8: =(EE8/DW8)*100 -> -0.93511435 | EG8: =EL8-EO8 -> 1693470 | EH8: 95820 | EI8: 96841 | EJ8: -1021 | EK8: =(EJ8/EB8)*100 -> -0.060254082 | EL8: =EQ8-ET8 -> 1720217 | EM8: 121088 | EN8: 94341 | EO8: 26747 | EP8: =(EO8/EG8)*100 -> 1.5794198 | EQ8: =EV8-EY8 -> 1754677 | ER8: 123008 | ES8: 88548 | ET8: 34460 | EU8: =(ET8/EL8)*100 -> 2.0032356 | EV8: =FA8-FD8 -> 1770547 | EW8: 103950 | EX8: 88080 | EY8: 15870 | EZ8: =(EY8/EQ8)*100 -> 0.90443996 | FA8: =FF8-FI8 -> 1778271 | FB8: 103696 | FC8: 95972 | FD8: 7724 | FE8: =(FD8/EV8)*100 -> 0.43624936 | FF8: =FK8-FN8 -> 1787745 | FG8: 99961 | FH8: 90487 | FI8: 9474 | FJ8: =(FI8/FA8)*100 -> 0.53276469 | FK8: =FP8-FS8 -> 1786310 | FL8: 91032 | FM8: 92467 | FN8: -1435 | FO8: =(FN8/FF8)*100 -> -0.080268718 | FP8: =FU8-FX8 -> 1768099 | FQ8: 80060 | FR8: 98271 | FS8: -18211 | FT8: =(FS8/FK8)*100 -> -1.0194759 | FU8: =FZ8-GC8 -> 1731178 | FV8: 63391 | FW8: 100312 | FX8: -36921 | FY8: =(FX8/FP8)*100 -> -2.0881749 | FZ8: =GE8-GH8 -> 1754325 | GA8: 111632 | GB8: 88485 | GC8: 23147 | GD8: =(GC8/FU8)*100 -> 1.3370664 | GE8: =GJ8-GM8 -> 1770609 | GF8: 104811 | GG8: 88527 | GH8: 16284 | GI8: =(GH8/FZ8)*100 -> 0.92822026 | GJ8: =GO8-GR8 -> 1770277 | GK8: 117601 | GL8: 117933 | GM8: -332 | GN8: =(GM8/GE8)*100 -> -0.018750611 | GO8: =GT8-GW8 -> 1773179 | GP8: 103483 | GQ8: 100581 | GR8: 2902 | GS8: =(GR8/GJ8)*100 -> 0.16392915 | GT8: =GY8-HB8 -> 1792738 | GU8: 128396 | GV8: 108837 | GW8: 19559 | GX8: =(GW8/GO8)*100 -> 1.1030471 | GY8: =HD8-HG8 -> 1819897 | GZ8: 125832 | HA8: 98673 | HB8: 27159 | HC8: =(HB8/GT8)*100 -> 1.5149453 | HD8: =HI8-HL8 -> 1832875 | HE8: 104362 | HF8: 91384 | HG8: 12978 | HH8: =(HG8/GY8)*100 -> 0.71311728 | HI8: =HN8-HQ8 -> 1838001 | HJ8: 105218 | HK8: 100092 | HL8: 5126 | HM8: =(HL8/HD8)*100 -> 0.27966992 | HN8: =HS8-HV8 -> 1843943 | HO8: 97457 | HP8: 91515 | HQ8: 5942 | HR8: =(HQ8/HI8)*100 -> 0.323286 | HS8: =HX8-IA8 -> 1842287 | HT8: 94611 | HU8: 96267 | HV8: -1656 | HW8: =(HV8/HN8)*100 -> -0.089807548 | HX8: =IC8-IF8 -> 1821270 | HY8: 81983 | HZ8: 103000 | IA8: -21017 | IB8: =(IA8/HS8)*100 -> -1.1408103 | IC8: =IH8-IK8 -> 1767610 | ID8: 62078 | IE8: 115738 | IF8: -53660 | IG8: =(IF8/HX8)*100 -> -2.9462957 | IH8: =IM8-IP8 -> 1789510 | II8: 113538 | IJ8: 91638 | IK8: 21900 | IL8: =(IK8/IC8)*100 -> 1.2389611 | IM8: =IR8-IU8 -> 1793269 | IN8: 113369 | IO8: 109610 | IP8: 3759 | IQ8: =(IP8/IH8)*100 -> 0.2100575 | IR8: =IW8-IZ8 -> 1786812 | IS8: 108429 | IT8: 114886 | IU8: -6457 | IV8: =(IU8/IM8)*100 -> -0.36006868 | IW8: =JB8-JE8 -> 1793388 | IX8: 111381 | IY8: 104805 | IZ8: 6576 | JA8: =(IZ8/IR8)*100 -> 0.36802976 | JB8: =JG8-JJ8 -> 1813224 | JC8: 128126 | JD8: 108290 | JE8: 19836 | JF8: =(JE8/IW8)*100 -> 1.1060629 | JG8: =JL8-JO8 -> 1840353 | JH8: 116667 | JI8: 89538 | JJ8: 27129 | JK8: =(JJ8/JB8)*100 -> 1.4961748 | JL8: =JQ8-JT8 -> 1847041 | JM8: 103565 | JN8: 96877 | JO8: 6688 | JP8: =(JO8/JG8)*100 -> 0.36340854 | JQ8: =JV8-JY8 -> 1848442 | JR8: 97221 | JS8: 95820 | JT8: 1401 | JU8: =(JT8/JL8)*100 -> 0.07585105 | JV8: =KA8-KD8 -> 1846438 | JW8: 91557 | JX8: 93561 | JY8: -2004 | JZ8: =(JY8/JQ8)*100 -> -0.10841563 | KA8: =KF8-KI8 -> 1840681 | KB8: 95070 | KC8: 100827 | KD8: -5757 | KE8: =(KD8/JV8)*100 -> -0.31178951 | KF8: =KK8-KN8 -> 1821794 | KG8: 81144 | KH8: 100031 | KI8: -18887 | KJ8: =(KI8/KA8)*100 -> -1.0260876 | KK8: =KP8-KS8 -> 1775122 | KL8: 63185 | KM8: 109857 | KN8: -46672 | KO8: =(KN8/KF8)*100 -> -2.5618703 | KP8: =KU8-KX8 -> 1810876 | KQ8: 128372 | KR8: 92618 | KS8: 35754 | KT8: =(KS8/KK8)*100 -> 2.0141714 | KU8: =KZ8-LC8 -> 1830718 | KV8: 120205 | KW8: 100363 | KX8: 19842 | KY8: =(KX8/KP8)*100 -> 1.0957128 | KZ8: =LE8-LH8 -> 1825074 | LA8: 105093 | LB8: 110737 | LC8: -5644 | LD8: =(LC8/KU8)*100 -> -0.30829434 | LE8: =LJ8-LM8 -> 1829099 | LF8: 106109 | LG8: 102084 | LH8: 4025 | LI8: =(LH8/KZ8)*100 -> 0.220539 | LJ8: =LO8-LR8 -> 1846447 | LK8: 121825 | LL8: 104477 | LM8: 17348 | LN8: =(LM8/LE8)*100 -> 0.94844511 | LO8: =LT8-LW8 -> 1872280 | LP8: 115261 | LQ8: 89428 | LR8: 25833 | LS8: =(LR8/LJ8)*100 -> 1.3990653 | LT8: =LY8-MB8 -> 1881075 | LU8: 109024 | LV8: 100229 | LW8: 8795 | LX8: =(LW8/LO8)*100 -> 0.46974811 | LY8: =MD8-MG8 -> 1878410 | LZ8: 96454 | MA8: 99119 | MB8: -2665 | MC8: =(MB8/LT8)*100 -> -0.14167431 | MD8: =MI8-ML8 -> 1881577 | ME8: 96665 | MF8: 93498 | MG8: 3167 | MH8: =(MG8/LY8)*100 -> 0.16860004 | MI8: =MN8-MQ8 -> 1871660 | MJ8: 94411 | MK8: 104328 | ML8: -9917 | MM8: =(ML8/MD8)*100 -> -0.52705789 | MN8: =MS8-MV8 -> 1855094 | MO8: 77356 | MP8: 93922 | MQ8: -16566 | MR8: =(MQ8/MI8)*100 -> -0.88509665 | MS8: 1811258 | MT8: 63201 | MU8: 107037 | MV8: -43836 | MW8: =(MV8/MN8)*100 -> -2.3630069 | MX8: =MS8+NA8 -> 1834331 | MY8: 113385 | MZ8: 90312 | NA8: 23073 | NB8: 1.2550027 | NC8: =MX8+NF8 -> 1842454 | ND8: 111197 | NE8: 103074 | NF8: 8123 | NG8: =(NF8/NC8)*100 -> 0.44087939 | NH8: =NC8+NK8 -> 1824358 | NI8: 109101 | NJ8: 127197 | NK8: -18096 | NL8: =(NK8/NH8)*100 -> -0.99191058 | NM8: =NH8+NP8 -> 1815980 | NN8: 97242 | NO8: 105620 | NP8: -8378 | NQ8: -0.45871761 | NR8: =NM8+NU8 -> 1826185 | NS8: 115263 | NT8: 105058 | NU8: 10205 | NV8: 0.56134439 | NW8: =NR8+NZ8 -> 1849083 | NX8: 114801 | NY8: 91903 | NZ8: 22898 | OA8: 1.2517952 | OB8: =NW8+OE8 -> 1861606 | OC8: 110999 | OD8: 98476 | OE8: 12523 | OF8: 0.675881 | OG8: =SUM(ND8,MY8,NI8,NN8,NS8,NX8,OC8) -> 771988 | OH8: =SUM(NE8,MZ8,NJ8,NO8,NT8,NY8,OD8) -> 721640 | OI8: =SUM(NF8,NA8,NK8,NP8,NU8,NZ8,OE8) -> 50348 | OJ8: =(OI8/MS8)*100 -> 2.7797255 | OK8: =SUM(MT8,MO8,MJ8,ME8,LZ8,MY8,ND8,NI8,NN8,NS8,NX8,OC8) -> 1200075 | OL8: =SUM(MU8,MP8,MK8,MF8,MA8,MZ8,NE8,NJ8,NO8,NT8,NY8,OD8) -> 1219544 | OM8: =SUM(MV8,MQ8,ML8,MG8,MB8,NA8,NF8,NK8,NP8,NU8,NZ8,OE8) -> -19469 | ON8: =OM8/(OB8-OM8)*100 -> -1.0349933
B9: Indústria geral | C9: =G9-J9 -> 7614408 | D9: 240766 | E9: 184933 | F9: 55833 | G9: =L9-O9 -> 7650640 | H9: 250477 | I9: 214245 | J9: 36232 | K9: =(J9/C9)*100 -> 0.47583476 | L9: =Q9-T9 -> 7616899 | M9: 225973 | N9: 259714 | O9: -33741 | P9: =(O9/G9)*100 -> -0.44102193 | Q9: =V9-Y9 -> 7411821 | R9: 96258 | S9: 301336 | T9: -205078 | U9: =(T9/L9)*100 -> -2.692408 | V9: =AA9-AD9 -> 7311156 | W9: 102957 | X9: 203622 | Y9: -100665 | Z9: =(Y9/Q9)*100 -> -1.3581683 | AA9: =AF9-AI9 -> 7305639 | AB9: 145974 | AC9: 151491 | AD9: -5517 | AE9: =(AD9/V9)*100 -> -0.075460023 | AF9: =AK9-AN9 -> 7358270 | AG9: 207798 | AH9: 155167 | AI9: 52631 | AJ9: =(AI9/AA9)*100 -> 0.72041611 | AK9: =AP9-AS9 -> 7451103 | AL9: 256386 | AM9: 163553 | AN9: 92833 | AO9: =(AN9/AF9)*100 -> 1.2616145 | AP9: =AU9-AX9 -> 7561803 | AQ9: 295576 | AR9: 184876 | AS9: 110700 | AT9: =(AS9/AK9)*100 -> 1.4856861 | AU9: =AZ9-BC9 -> 7647586 | AV9: 286999 | AW9: 201216 | AX9: 85783 | AY9: =(AX9/AP9)*100 -> 1.1344252 | AZ9: =BE9-BH9 -> 7698099 | BA9: 253408 | BB9: 202895 | BC9: 50513 | BD9: =(BC9/AU9)*100 -> 0.66050908 | BE9: =BJ9-BM9 -> 7655197 | BF9: 174451 | BG9: 217353 | BH9: -42902 | BI9: =(BH9/AZ9)*100 -> -0.55730642 | BJ9: =BO9-BR9 -> 7745433 | BK9: 296040 | BL9: 205804 | BM9: 90236 | BN9: =(BM9/BE9)*100 -> 1.1787548 | BO9: =BT9-BW9 -> 7838432 | BP9: 322289 | BQ9: 229290 | BR9: 92999 | BS9: =(BR9/BJ9)*100 -> 1.2006947 | BT9: =BY9-CB9 -> 7879224 | BU9: 294054 | BV9: 253262 | BW9: 40792 | BX9: =(BW9/BO9)*100 -> 0.5204102 | BY9: =CD9-CG9 -> 7897864 | BZ9: 243008 | CA9: 224368 | CB9: 18640 | CC9: =(CB9/BT9)*100 -> 0.23657152 | CD9: =CI9-CL9 -> 7941627 | CE9: 258154 | CF9: 214391 | CG9: 43763 | CH9: =(CG9/BY9)*100 -> 0.55411185 | CI9: =CN9-CQ9 -> 7991749 | CJ9: 262080 | CK9: 211958 | CL9: 50122 | CM9: =(CL9/CD9)*100 -> 0.63113012 | CN9: =CS9-CV9 -> 8050579 | CO9: 278431 | CP9: 219601 | CQ9: 58830 | CR9: =(CQ9/CI9)*100 -> 0.73613423 | CS9: =CX9-DA9 -> 8123341 | CT9: 310814 | CU9: 238052 | CV9: 72762 | CW9: =(CV9/CN9)*100 -> 0.90381077 | CX9: =DC9-DF9 -> 8199536 | CY9: 310478 | CZ9: 234283 | DA9: 76195 | DB9: =(DA9/CS9)*100 -> 0.93797614 | DC9: =DH9-DK9 -> 8226233 | DD9: 270604 | DE9: 243907 | DF9: 26697 | DG9: =(DF9/CX9)*100 -> 0.32559159 | DH9: =DM9-DP9 -> 8234410 | DI9: 243191 | DJ9: 235014 | DK9: 8177 | DL9: =(DK9/DC9)*100 -> 0.099401512 | DM9: =DR9-DU9 -> 8142363 | DN9: 166083 | DO9: 258130 | DP9: -92047 | DQ9: =(DP9/DH9)*100 -> -1.1178336 | DR9: =DW9-DZ9 -> 8193782 | DS9: 284673 | DT9: 233254 | DU9: 51419 | DV9: =(DU9/DM9)*100 -> 0.63149973 | DW9: =EB9-EE9 -> 8236782 | DX9: 312833 | DY9: 269833 | DZ9: 43000 | EA9: =(DZ9/DR9)*100 -> 0.52478819 | EB9: =EG9-EJ9 -> 8252042 | EC9: 309012 | ED9: 293752 | EE9: 15260 | EF9: =(EE9/DW9)*100 -> 0.18526653 | EG9: =EL9-EO9 -> 8278420 | EH9: 285885 | EI9: 259507 | EJ9: 26378 | EK9: =(EJ9/EB9)*100 -> 0.31965421 | EL9: =EQ9-ET9 -> 8325395 | EM9: 308939 | EN9: 261964 | EO9: 46975 | EP9: =(EO9/EG9)*100 -> 0.5674392 | EQ9: =EV9-EY9 -> 8366912 | ER9: 293330 | ES9: 251813 | ET9: 41517 | EU9: =(ET9/EL9)*100 -> 0.49867904 | EV9: =FA9-FD9 -> 8417415 | EW9: 303323 | EX9: 252820 | EY9: 50503 | EZ9: =(EY9/EQ9)*100 -> 0.60360381 | FA9: =FF9-FI9 -> 8470175 | FB9: 324438 | FC9: 271678 | FD9: 52760 | FE9: =(FD9/EV9)*100 -> 0.62679576 | FF9: =FK9-FN9 -> 8527084 | FG9: 306362 | FH9: 249453 | FI9: 56909 | FJ9: =(FI9/FA9)*100 -> 0.67187514 | FK9: =FP9-FS9 -> 8541975 | FL9: 263318 | FM9: 248427 | FN9: 14891 | FO9: =(FN9/FF9)*100 -> 0.1746318 | FP9: =FU9-FX9 -> 8516268 | FQ9: 229430 | FR9: 255137 | FS9: -25707 | FT9: =(FS9/FK9)*100 -> -0.30094914 | FU9: =FZ9-GC9 -> 8402022 | FV9: 156219 | FW9: 270465 | FX9: -114246 | FY9: =(FX9/FP9)*100 -> -1.3415031 | FZ9: =GE9-GH9 -> 8436045 | GA9: 296574 | GB9: 262551 | GC9: 34023 | GD9: =(GC9/FU9)*100 -> 0.40493824 | GE9: =GJ9-GM9 -> 8476425 | GF9: 305814 | GG9: 265434 | GH9: 40380 | GI9: =(GH9/FZ9)*100 -> 0.47866032 | GJ9: =GO9-GR9 -> 8497409 | GK9: 334970 | GL9: 313986 | GM9: 20984 | GN9: =(GM9/GE9)*100 -> 0.2475572 | GO9: =GT9-GW9 -> 8516122 | GP9: 291273 | GQ9: 272560 | GR9: 18713 | GS9: =(GR9/GJ9)*100 -> 0.22022007 | GT9: =GY9-HB9 -> 8524551 | GU9: 305955 | GV9: 297526 | GW9: 8429 | GX9: =(GW9/GO9)*100 -> 0.098976976 | GY9: =HD9-HG9 -> 8536668 | GZ9: 288512 | HA9: 276395 | HB9: 12117 | HC9: =(HB9/GT9)*100 -> 0.14214238 | HD9: =HI9-HL9 -> 8557922 | HE9: 291362 | HF9: 270108 | HG9: 21254 | HH9: =(HG9/GY9)*100 -> 0.24897302 | HI9: =HN9-HQ9 -> 8589008 | HJ9: 327861 | HK9: 296775 | HL9: 31086 | HM9: =(HL9/HD9)*100 -> 0.36324239 | HN9: =HS9-HV9 -> 8632222 | HO9: 301495 | HP9: 258281 | HQ9: 43214 | HR9: =(HQ9/HI9)*100 -> 0.50313144 | HS9: =HX9-IA9 -> 8653176 | HT9: 285880 | HU9: 264926 | HV9: 20954 | HW9: =(HV9/HN9)*100 -> 0.24274167 | HX9: =IC9-IF9 -> 8640265 | HY9: 250561 | HZ9: 263472 | IA9: -12911 | IB9: =(IA9/HS9)*100 -> -0.14920533 | IC9: =IH9-IK9 -> 8529259 | ID9: 173547 | IE9: 284553 | IF9: -111006 | IG9: =(IF9/HX9)*100 -> -1.2847523 | IH9: =IM9-IP9 -> 8596288 | II9: 336020 | IJ9: 268991 | IK9: 67029 | IL9: =(IK9/IC9)*100 -> 0.78587132 | IM9: =IR9-IU9 -> 8650736 | IN9: 352923 | IO9: 298475 | IP9: 54448 | IQ9: =(IP9/IH9)*100 -> 0.63338967 | IR9: =IW9-IZ9 -> 8686622 | IS9: 351011 | IT9: 315125 | IU9: 35886 | IV9: =(IU9/IM9)*100 -> 0.41483176 | IW9: =JB9-JE9 -> 8722612 | IX9: 361885 | IY9: 325895 | IZ9: 35990 | JA9: =(IZ9/IR9)*100 -> 0.41431525 | JB9: =JG9-JJ9 -> 8740757 | JC9: 321202 | JD9: 303057 | JE9: 18145 | JF9: =(JE9/IW9)*100 -> 0.20802255 | JG9: =JL9-JO9 -> 8772780 | JH9: 320466 | JI9: 288443 | JJ9: 32023 | JK9: =(JJ9/JB9)*100 -> 0.36636415 | JL9: =JQ9-JT9 -> 8822251 | JM9: 355721 | JN9: 306250 | JO9: 49471 | JP9: =(JO9/JG9)*100 -> 0.56391475 | JQ9: =JV9-JY9 -> 8873885 | JR9: 362966 | JS9: 311332 | JT9: 51634 | JU9: =(JT9/JL9)*100 -> 0.58527013 | JV9: =KA9-KD9 -> 8933712 | JW9: 350899 | JX9: 291072 | JY9: 59827 | JZ9: =(JY9/JQ9)*100 -> 0.67419174 | KA9: =KF9-KI9 -> 8957441 | KB9: 344779 | KC9: 321050 | KD9: 23729 | KE9: =(KD9/JV9)*100 -> 0.26561188 | KF9: =KK9-KN9 -> 8950763 | KG9: 276702 | KH9: 283380 | KI9: -6678 | KJ9: =(KI9/KA9)*100 -> -0.074552542 | KK9: =KP9-KS9 -> 8834341 | KL9: 176461 | KM9: 292883 | KN9: -116422 | KO9: =(KN9/KF9)*100 -> -1.3006936 | KP9: =KU9-KX9 -> 8904769 | KQ9: 376449 | KR9: 306021 | KS9: 70428 | KT9: =(KS9/KK9)*100 -> 0.79720717 | KU9: =KZ9-LC9 -> 8974653 | KV9: 407183 | KW9: 337299 | KX9: 69884 | KY9: =(KX9/KP9)*100 -> 0.78479296 | KZ9: =LE9-LH9 -> 8987784 | LA9: 353960 | LB9: 340829 | LC9: 13131 | LD9: =(LC9/KU9)*100 -> 0.14631206 | LE9: =LJ9-LM9 -> 9022852 | LF9: 360591 | LG9: 325523 | LH9: 35068 | LI9: =(LH9/KZ9)*100 -> 0.39017404 | LJ9: =LO9-LR9 -> 9044421 | LK9: 344875 | LL9: 323306 | LM9: 21569 | LN9: =(LM9/LE9)*100 -> 0.23904858 | LO9: =LT9-LW9 -> 9064526 | LP9: 326689 | LQ9: 306584 | LR9: 20105 | LS9: =(LR9/LJ9)*100 -> 0.22229173 | LT9: =LY9-MB9 -> 9088952 | LU9: 353542 | LV9: 329116 | LW9: 24426 | LX9: =(LW9/LO9)*100 -> 0.26946803 | LY9: =MD9-MG9 -> 9108050 | LZ9: 342784 | MA9: 323686 | MB9: 19098 | MC9: =(MB9/LT9)*100 -> 0.21012324 | MD9: =MI9-ML9 -> 9151145 | ME9: 359669 | MF9: 316574 | MG9: 43095 | MH9: =(MG9/LY9)*100 -> 0.47315287 | MI9: =MN9-MQ9 -> 9141053 | MJ9: 326980 | MK9: 337072 | ML9: -10092 | MM9: =(ML9/MD9)*100 -> -0.11028128 | MN9: =MS9-MV9 -> 9113918 | MO9: 263122 | MP9: 290257 | MQ9: -27135 | MR9: =(MQ9/MI9)*100 -> -0.29684764 | MS9: 8978831 | MT9: 167306 | MU9: 302393 | MV9: -135087 | MW9: =(MV9/MN9)*100 -> -1.4822056 | MX9: =MS9+NA9 -> 9033822 | MY9: 353793 | MZ9: 298802 | NA9: 54991 | NB9: 0.60631096 | NC9: =MX9+NF9 -> 9065849 | ND9: 358595 | NE9: 326568 | NF9: 32027 | NG9: =(NF9/NC9)*100 -> 0.35327083 | NH9: =NC9+NK9 -> 9094185 | NI9: 386664 | NJ9: 358328 | NK9: 28336 | NL9: =(NK9/NH9)*100 -> 0.31158372 | NM9: =NH9+NP9 -> 9103441 | NN9: 349222 | NO9: 339966 | NP9: 9256 | NQ9: 0.1017852 | NR9: =NM9+NU9 -> 9108415 | NS9: 329882 | NT9: 324908 | NU9: 4974 | NV9: 0.054646071 | NW9: =NR9+NZ9 -> 9122853 | NX9: 331149 | NY9: 316711 | NZ9: 14438 | OA9: 0.15852286 | OB9: =NW9+OE9 -> 9134168 | OC9: 344080 | OD9: 332765 | OE9: 11315 | OF9: 0.124047 | OG9: =SUM(ND9,MY9,NI9,NN9,NS9,NX9,OC9) -> 2453385 | OH9: =SUM(NE9,MZ9,NJ9,NO9,NT9,NY9,OD9) -> 2298048 | OI9: =SUM(NF9,NA9,NK9,NP9,NU9,NZ9,OE9) -> 155337 | OJ9: =(OI9/MS9)*100 -> 1.7300359 | OK9: =SUM(MT9,MO9,MJ9,ME9,LZ9,MY9,ND9,NI9,NN9,NS9,NX9,OC9) -> 3913246 | OL9: =SUM(MU9,MP9,MK9,MF9,MA9,MZ9,NE9,NJ9,NO9,NT9,NY9,OD9) -> 3868030 | OM9: =SUM(MV9,MQ9,ML9,MG9,MB9,NA9,NF9,NK9,NP9,NU9,NZ9,OE9) -> 45216 | ON9: =OM9/(OB9-OM9)*100 -> 0.4974831
B10: Indústrias Extrativas | C10: =G10-J10 -> 218769 | D10: 3284 | E10: 3127 | F10: 157 | G10: =L10-O10 -> 220108 | H10: 4463 | I10: 3124 | J10: 1339 | K10: =(J10/C10)*100 -> 0.61206112 | L10: =Q10-T10 -> 219915 | M10: 3685 | N10: 3878 | O10: -193 | P10: =(O10/G10)*100 -> -0.087684228 | Q10: =V10-Y10 -> 218629 | R10: 2063 | S10: 3349 | T10: -1286 | U10: =(T10/L10)*100 -> -0.58477139 | V10: =AA10-AD10 -> 218085 | W10: 2598 | X10: 3142 | Y10: -544 | Z10: =(Y10/Q10)*100 -> -0.24882335 | AA10: =AF10-AI10 -> 218721 | AB10: 3563 | AC10: 2927 | AD10: 636 | AE10: =(AD10/V10)*100 -> 0.29162941 | AF10: =AK10-AN10 -> 219612 | AG10: 4062 | AH10: 3171 | AI10: 891 | AJ10: =(AI10/AA10)*100 -> 0.40736829 | AK10: =AP10-AS10 -> 220486 | AL10: 4400 | AM10: 3526 | AN10: 874 | AO10: =(AN10/AF10)*100 -> 0.39797461 | AP10: =AU10-AX10 -> 221383 | AQ10: 4611 | AR10: 3714 | AS10: 897 | AT10: =(AS10/AK10)*100 -> 0.40682855 | AU10: =AZ10-BC10 -> 222603 | AV10: 4682 | AW10: 3462 | AX10: 1220 | AY10: =(AX10/AP10)*100 -> 0.55108116 | AZ10: =BE10-BH10 -> 223683 | BA10: 4383 | BB10: 3303 | BC10: 1080 | BD10: =(BC10/AU10)*100 -> 0.48516866 | BE10: =BJ10-BM10 -> 223142 | BF10: 3405 | BG10: 3946 | BH10: -541 | BI10: =(BH10/AZ10)*100 -> -0.24186013 | BJ10: =BO10-BR10 -> 224626 | BK10: 4711 | BL10: 3227 | BM10: 1484 | BN10: =(BM10/BE10)*100 -> 0.66504737 | BO10: =BT10-BW10 -> 226974 | BP10: 5560 | BQ10: 3212 | BR10: 2348 | BS10: =(BR10/BJ10)*100 -> 1.0452931 | BT10: =BY10-CB10 -> 228380 | BU10: 5477 | BV10: 4071 | BW10: 1406 | BX10: =(BW10/BO10)*100 -> 0.61945421 | BY10: =CD10-CG10 -> 230748 | BZ10: 5715 | CA10: 3347 | CB10: 2368 | CC10: =(CB10/BT10)*100 -> 1.0368684 | CD10: =CI10-CL10 -> 233298 | CE10: 6209 | CF10: 3659 | CG10: 2550 | CH10: =(CG10/BY10)*100 -> 1.1051017 | CI10: =CN10-CQ10 -> 235537 | CJ10: 5903 | CK10: 3664 | CL10: 2239 | CM10: =(CL10/CD10)*100 -> 0.95971676 | CN10: =CS10-CV10 -> 237671 | CO10: 6080 | CP10: 3946 | CQ10: 2134 | CR10: =(CQ10/CI10)*100 -> 0.90601477 | CS10: =CX10-DA10 -> 239352 | CT10: 5921 | CU10: 4240 | CV10: 1681 | CW10: =(CV10/CN10)*100 -> 0.70728023 | CX10: =DC10-DF10 -> 241020 | CY10: 5947 | CZ10: 4279 | DA10: 1668 | DB10: =(DA10/CS10)*100 -> 0.69688158 | DC10: =DH10-DK10 -> 242171 | DD10: 5326 | DE10: 4175 | DF10: 1151 | DG10: =(DF10/CX10)*100 -> 0.47755373 | DH10: =DM10-DP10 -> 242630 | DI10: 4588 | DJ10: 4129 | DK10: 459 | DL10: =(DK10/DC10)*100 -> 0.18953549 | DM10: =DR10-DU10 -> 241505 | DN10: 3628 | DO10: 4753 | DP10: -1125 | DQ10: =(DP10/DH10)*100 -> -0.46366896 | DR10: =DW10-DZ10 -> 242012 | DS10: 4481 | DT10: 3974 | DU10: 507 | DV10: =(DU10/DM10)*100 -> 0.20993354 | DW10: =EB10-EE10 -> 243916 | DX10: 6167 | DY10: 4263 | DZ10: 1904 | EA10: =(DZ10/DR10)*100 -> 0.78673785 | EB10: =EG10-EJ10 -> 244807 | EC10: 5492 | ED10: 4601 | EE10: 891 | EF10: =(EE10/DW10)*100 -> 0.36528969 | EG10: =EL10-EO10 -> 246298 | EH10: 5767 | EI10: 4276 | EJ10: 1491 | EK10: =(EJ10/EB10)*100 -> 0.60905121 | EL10: =EQ10-ET10 -> 247819 | EM10: 6098 | EN10: 4577 | EO10: 1521 | EP10: =(EO10/EG10)*100 -> 0.6175446 | EQ10: =EV10-EY10 -> 249156 | ER10: 5673 | ES10: 4336 | ET10: 1337 | EU10: =(ET10/EL10)*100 -> 0.53950666 | EV10: =FA10-FD10 -> 250727 | EW10: 5960 | EX10: 4389 | EY10: 1571 | EZ10: =(EY10/EQ10)*100 -> 0.63052866 | FA10: =FF10-FI10 -> 251957 | FB10: 6202 | FC10: 4972 | FD10: 1230 | FE10: =(FD10/EV10)*100 -> 0.49057341 | FF10: =FK10-FN10 -> 253076 | FG10: 5899 | FH10: 4780 | FI10: 1119 | FJ10: =(FI10/FA10)*100 -> 0.4441234 | FK10: =FP10-FS10 -> 253761 | FL10: 5817 | FM10: 5132 | FN10: 685 | FO10: =(FN10/FF10)*100 -> 0.27066968 | FP10: =FU10-FX10 -> 254665 | FQ10: 5644 | FR10: 4740 | FS10: 904 | FT10: =(FS10/FK10)*100 -> 0.35624071 | FU10: =FZ10-GC10 -> 254327 | FV10: 4145 | FW10: 4483 | FX10: -338 | FY10: =(FX10/FP10)*100 -> -0.13272338 | FZ10: =GE10-GH10 -> 254668 | GA10: 5157 | GB10: 4816 | GC10: 341 | GD10: =(GC10/FU10)*100 -> 0.13407935 | GE10: =GJ10-GM10 -> 255993 | GF10: 5802 | GG10: 4477 | GH10: 1325 | GI10: =(GH10/FZ10)*100 -> 0.52028523 | GJ10: =GO10-GR10 -> 257559 | GK10: 6720 | GL10: 5154 | GM10: 1566 | GN10: =(GM10/GE10)*100 -> 0.61173548 | GO10: =GT10-GW10 -> 260034 | GP10: 6933 | GQ10: 4458 | GR10: 2475 | GS10: =(GR10/GJ10)*100 -> 0.96094487 | GT10: =GY10-HB10 -> 262678 | GU10: 7583 | GV10: 4939 | GW10: 2644 | GX10: =(GW10/GO10)*100 -> 1.0167901 | GY10: =HD10-HG10 -> 264503 | GZ10: 7131 | HA10: 5306 | HB10: 1825 | HC10: =(HB10/GT10)*100 -> 0.69476698 | HD10: =HI10-HL10 -> 265718 | HE10: 6317 | HF10: 5102 | HG10: 1215 | HH10: =(HG10/GY10)*100 -> 0.45935207 | HI10: =HN10-HQ10 -> 266784 | HJ10: 6563 | HK10: 5497 | HL10: 1066 | HM10: =(HL10/HD10)*100 -> 0.40117719 | HN10: =HS10-HV10 -> 267866 | HO10: 6115 | HP10: 5033 | HQ10: 1082 | HR10: =(HQ10/HI10)*100 -> 0.40557155 | HS10: =HX10-IA10 -> 268974 | HT10: 5745 | HU10: 4637 | HV10: 1108 | HW10: =(HV10/HN10)*100 -> 0.41363966 | HX10: =IC10-IF10 -> 269258 | HY10: 4995 | HZ10: 4711 | IA10: 284 | IB10: =(IA10/HS10)*100 -> 0.10558641 | IC10: =IH10-IK10 -> 268823 | ID10: 3935 | IE10: 4370 | IF10: -435 | IG10: =(IF10/HX10)*100 -> -0.16155509 | IH10: =IM10-IP10 -> 269298 | II10: 5596 | IJ10: 5121 | IK10: 475 | IL10: =(IK10/IC10)*100 -> 0.17669619 | IM10: =IR10-IU10 -> 270556 | IN10: 6401 | IO10: 5143 | IP10: 1258 | IQ10: =(IP10/IH10)*100 -> 0.46714049 | IR10: =IW10-IZ10 -> 271419 | IS10: 6285 | IT10: 5422 | IU10: 863 | IV10: =(IU10/IM10)*100 -> 0.31897278 | IW10: =JB10-JE10 -> 273306 | IX10: 7130 | IY10: 5243 | IZ10: 1887 | JA10: =(IZ10/IR10)*100 -> 0.69523504 | JB10: =JG10-JJ10 -> 275300 | JC10: 7044 | JD10: 5050 | JE10: 1994 | JF10: =(JE10/IW10)*100 -> 0.72958515 | JG10: =JL10-JO10 -> 276957 | JH10: 6717 | JI10: 5060 | JJ10: 1657 | JK10: =(JJ10/JB10)*100 -> 0.60188885 | JL10: =JQ10-JT10 -> 278199 | JM10: 6909 | JN10: 5667 | JO10: 1242 | JP10: =(JO10/JG10)*100 -> 0.44844507 | JQ10: =JV10-JY10 -> 279745 | JR10: 6798 | JS10: 5252 | JT10: 1546 | JU10: =(JT10/JL10)*100 -> 0.55571731 | JV10: =KA10-KD10 -> 280926 | JW10: 6417 | JX10: 5236 | JY10: 1181 | JZ10: =(JY10/JQ10)*100 -> 0.42217019 | KA10: =KF10-KI10 -> 281008 | KB10: 5969 | KC10: 5887 | KD10: 82 | KE10: =(KD10/JV10)*100 -> 0.029189181 | KF10: =KK10-KN10 -> 281240 | KG10: 5672 | KH10: 5440 | KI10: 232 | KJ10: =(KI10/KA10)*100 -> 0.082559927 | KK10: =KP10-KS10 -> 280407 | KL10: 4174 | KM10: 5007 | KN10: -833 | KO10: =(KN10/KF10)*100 -> -0.29618831 | KP10: =KU10-KX10 -> 281007 | KQ10: 6059 | KR10: 5459 | KS10: 600 | KT10: =(KS10/KK10)*100 -> 0.21397469 | KU10: =KZ10-LC10 -> 282741 | KV10: 7245 | KW10: 5511 | KX10: 1734 | KY10: =(KX10/KP10)*100 -> 0.61706648 | KZ10: =LE10-LH10 -> 283196 | LA10: 6026 | LB10: 5571 | LC10: 455 | LD10: =(LC10/KU10)*100 -> 0.16092466 | LE10: =LJ10-LM10 -> 284206 | LF10: 6292 | LG10: 5282 | LH10: 1010 | LI10: =(LH10/KZ10)*100 -> 0.35664346 | LJ10: =LO10-LR10 -> 285520 | LK10: 6799 | LL10: 5485 | LM10: 1314 | LN10: =(LM10/LE10)*100 -> 0.4623407 | LO10: =LT10-LW10 -> 286577 | LP10: 6317 | LQ10: 5260 | LR10: 1057 | LS10: =(LR10/LJ10)*100 -> 0.37020174 | LT10: =LY10-MB10 -> 288363 | LU10: 7249 | LV10: 5463 | LW10: 1786 | LX10: =(LW10/LO10)*100 -> 0.62321819 | LY10: =MD10-MG10 -> 288860 | LZ10: 6377 | MA10: 5880 | MB10: 497 | MC10: =(MB10/LT10)*100 -> 0.17235221 | MD10: =MI10-ML10 -> 289701 | ME10: 6626 | MF10: 5785 | MG10: 841 | MH10: =(MG10/LY10)*100 -> 0.2911445 | MI10: =MN10-MQ10 -> 290483 | MJ10: 6627 | MK10: 5845 | ML10: 782 | MM10: =(ML10/MD10)*100 -> 0.26993348 | MN10: =MS10-MV10 -> 290786 | MO10: 5668 | MP10: 5365 | MQ10: 303 | MR10: =(MQ10/MI10)*100 -> 0.10430903 | MS10: 289917 | MT10: 4497 | MU10: 5366 | MV10: -869 | MW10: =(MV10/MN10)*100 -> -0.2988452 | MX10: =MS10+NA10 -> 290358 | MY10: 5786 | MZ10: 5345 | NA10: 441 | NB10: 0.15114334 | NC10: =MX10+NF10 -> 291557 | ND10: 6297 | NE10: 5098 | NF10: 1199 | NG10: =(NF10/NC10)*100 -> 0.41124034 | NH10: =NC10+NK10 -> 293243 | NI10: 7284 | NJ10: 5598 | NK10: 1686 | NL10: =(NK10/NH10)*100 -> 0.57494979 | NM10: =NH10+NP10 -> 293829 | NN10: 6270 | NO10: 5684 | NP10: 586 | NQ10: 0.19990107 | NR10: =NM10+NU10 -> 294251 | NS10: 5839 | NT10: 5417 | NU10: 422 | NV10: 0.14369185 | NW10: =NR10+NZ10 -> 294433 | NX10: 5698 | NY10: 5516 | NZ10: 182 | OA10: 0.061874878 | OB10: =NW10+OE10 -> 294451 | OC10: 5786 | OD10: 5768 | OE10: 18 | OF10: 0.006117 | OG10: =SUM(ND10,MY10,NI10,NN10,NS10,NX10,OC10) -> 42960 | OH10: =SUM(NE10,MZ10,NJ10,NO10,NT10,NY10,OD10) -> 38426 | OI10: =SUM(NF10,NA10,NK10,NP10,NU10,NZ10,OE10) -> 4534 | OJ10: =(OI10/MS10)*100 -> 1.5638959 | OK10: =SUM(MT10,MO10,MJ10,ME10,LZ10,MY10,ND10,NI10,NN10,NS10,NX10,OC10) -> 72755 | OL10: =SUM(MU10,MP10,MK10,MF10,MA10,MZ10,NE10,NJ10,NO10,NT10,NY10,OD10) -> 66667 | OM10: =SUM(MV10,MQ10,ML10,MG10,MB10,NA10,NF10,NK10,NP10,NU10,NZ10,OE10) -> 6088 | ON10: =OM10/(OB10-OM10)*100 -> 2.1112279
B11: Indústrias de Transformação | C11: =G11-J11 -> 6929577 | D11: 229525 | E11: 174052 | F11: 55473 | G11: =L11-O11 -> 6962800 | H11: 236146 | I11: 202923 | J11: 33223 | K11: =(J11/C11)*100 -> 0.47943763 | L11: =Q11-T11 -> 6928617 | M11: 213587 | N11: 247770 | O11: -34183 | P11: =(O11/G11)*100 -> -0.49093755 | Q11: =V11-Y11 -> 6727857 | R11: 89813 | S11: 290573 | T11: -200760 | U11: =(T11/L11)*100 -> -2.897548 | V11: =AA11-AD11 -> 6629953 | W11: 95469 | X11: 193373 | Y11: -97904 | Z11: =(Y11/Q11)*100 -> -1.4552033 | AA11: =AF11-AI11 -> 6625511 | AB11: 137323 | AC11: 141765 | AD11: -4442 | AE11: =(AD11/V11)*100 -> -0.066998967 | AF11: =AK11-AN11 -> 6677612 | AG11: 197406 | AH11: 145305 | AI11: 52101 | AJ11: =(AI11/AA11)*100 -> 0.78636953 | AK11: =AP11-AS11 -> 6767799 | AL11: 244024 | AM11: 153837 | AN11: 90187 | AO11: =(AN11/AF11)*100 -> 1.3505876 | AP11: =AU11-AX11 -> 6875987 | AQ11: 282477 | AR11: 174289 | AS11: 108188 | AT11: =(AS11/AK11)*100 -> 1.5985699 | AU11: =AZ11-BC11 -> 6957999 | AV11: 272580 | AW11: 190568 | AX11: 82012 | AY11: =(AX11/AP11)*100 -> 1.1927306 | AZ11: =BE11-BH11 -> 7006087 | BA11: 240342 | BB11: 192254 | BC11: 48088 | BD11: =(BC11/AU11)*100 -> 0.69111824 | BE11: =BJ11-BM11 -> 6965183 | BF11: 164071 | BG11: 204975 | BH11: -40904 | BI11: =(BH11/AZ11)*100 -> -0.58383517 | BJ11: =BO11-BR11 -> 7052161 | BK11: 281902 | BL11: 194924 | BM11: 86978 | BN11: =(BM11/BE11)*100 -> 1.248754 | BO11: =BT11-BW11 -> 7139707 | BP11: 305903 | BQ11: 218357 | BR11: 87546 | BS11: =(BR11/BJ11)*100 -> 1.2414067 | BT11: =BY11-CB11 -> 7177887 | BU11: 277754 | BV11: 239574 | BW11: 38180 | BX11: =(BW11/BO11)*100 -> 0.53475584 | BY11: =CD11-CG11 -> 7194355 | BZ11: 227656 | CA11: 211188 | CB11: 16468 | CC11: =(CB11/BT11)*100 -> 0.22942685 | CD11: =CI11-CL11 -> 7233132 | CE11: 240874 | CF11: 202097 | CG11: 38777 | CH11: =(CG11/BY11)*100 -> 0.53899203 | CI11: =CN11-CQ11 -> 7278105 | CJ11: 244921 | CK11: 199948 | CL11: 44973 | CM11: =(CL11/CD11)*100 -> 0.62176385 | CN11: =CS11-CV11 -> 7332498 | CO11: 262016 | CP11: 207623 | CQ11: 54393 | CR11: =(CQ11/CI11)*100 -> 0.74735113 | CS11: =CX11-DA11 -> 7401802 | CT11: 294060 | CU11: 224756 | CV11: 69304 | CW11: =(CV11/CN11)*100 -> 0.94516221 | CX11: =DC11-DF11 -> 7474579 | CY11: 293711 | CZ11: 220934 | DA11: 72777 | DB11: =(DA11/CS11)*100 -> 0.98323354 | DC11: =DH11-DK11 -> 7498326 | DD11: 254012 | DE11: 230265 | DF11: 23747 | DG11: =(DF11/CX11)*100 -> 0.31770351 | DH11: =DM11-DP11 -> 7504258 | DI11: 227410 | DJ11: 221478 | DK11: 5932 | DL11: =(DK11/DC11)*100 -> 0.079110991 | DM11: =DR11-DU11 -> 7415962 | DN11: 152635 | DO11: 240931 | DP11: -88296 | DQ11: =(DP11/DH11)*100 -> -1.176612 | DR11: =DW11-DZ11 -> 7464764 | DS11: 269125 | DT11: 220323 | DU11: 48802 | DV11: =(DU11/DM11)*100 -> 0.65806702 | DW11: =EB11-EE11 -> 7503339 | DX11: 293977 | DY11: 255402 | DZ11: 38575 | EA11: =(DZ11/DR11)*100 -> 0.51676115 | EB11: =EG11-EJ11 -> 7515427 | EC11: 290189 | ED11: 278101 | EE11: 12088 | EF11: =(EE11/DW11)*100 -> 0.16110161 | EG11: =EL11-EO11 -> 7537947 | EH11: 268011 | EI11: 245491 | EJ11: 22520 | EK11: =(EJ11/EB11)*100 -> 0.29965031 | EL11: =EQ11-ET11 -> 7580028 | EM11: 289639 | EN11: 247558 | EO11: 42081 | EP11: =(EO11/EG11)*100 -> 0.55825545 | EQ11: =EV11-EY11 -> 7618014 | ER11: 274845 | ES11: 236859 | ET11: 37986 | EU11: =(ET11/EL11)*100 -> 0.50113271 | EV11: =FA11-FD11 -> 7664285 | EW11: 285057 | EX11: 238786 | EY11: 46271 | EZ11: =(EY11/EQ11)*100 -> 0.60738927 | FA11: =FF11-FI11 -> 7713216 | FB11: 305511 | FC11: 256580 | FD11: 48931 | FE11: =(FD11/EV11)*100 -> 0.63842876 | FF11: =FK11-FN11 -> 7767339 | FG11: 289425 | FH11: 235302 | FI11: 54123 | FJ11: =(FI11/FA11)*100 -> 0.70169175 | FK11: =FP11-FS11 -> 7780434 | FL11: 246992 | FM11: 233897 | FN11: 13095 | FO11: =(FN11/FF11)*100 -> 0.16859056 | FP11: =FU11-FX11 -> 7753806 | FQ11: 213591 | FR11: 240219 | FS11: -26628 | FT11: =(FS11/FK11)*100 -> -0.34224312 | FU11: =FZ11-GC11 -> 7640814 | FV11: 142949 | FW11: 255941 | FX11: -112992 | FY11: =(FX11/FP11)*100 -> -1.4572456 | FZ11: =GE11-GH11 -> 7674552 | GA11: 280151 | GB11: 246413 | GC11: 33738 | GD11: =(GC11/FU11)*100 -> 0.44154981 | GE11: =GJ11-GM11 -> 7711742 | GF11: 287191 | GG11: 250001 | GH11: 37190 | GI11: =(GH11/FZ11)*100 -> 0.48458855 | GJ11: =GO11-GR11 -> 7729618 | GK11: 314684 | GL11: 296808 | GM11: 17876 | GN11: =(GM11/GE11)*100 -> 0.23180236 | GO11: =GT11-GW11 -> 7743804 | GP11: 271801 | GQ11: 257615 | GR11: 14186 | GS11: =(GR11/GJ11)*100 -> 0.18352783 | GT11: =GY11-HB11 -> 7749561 | GU11: 286309 | GV11: 280552 | GW11: 5757 | GX11: =(GW11/GO11)*100 -> 0.074343307 | GY11: =HD11-HG11 -> 7759268 | GZ11: 269659 | HA11: 259952 | HB11: 9707 | HC11: =(HB11/GT11)*100 -> 0.12525871 | HD11: =HI11-HL11 -> 7777569 | HE11: 272276 | HF11: 253975 | HG11: 18301 | HH11: =(HG11/GY11)*100 -> 0.23585988 | HI11: =HN11-HQ11 -> 7805646 | HJ11: 307155 | HK11: 279078 | HL11: 28077 | HM11: =(HL11/HD11)*100 -> 0.36099969 | HN11: =HS11-HV11 -> 7847598 | HO11: 284246 | HP11: 242294 | HQ11: 41952 | HR11: =(HQ11/HI11)*100 -> 0.53745712 | HS11: =HX11-IA11 -> 7865780 | HT11: 268151 | HU11: 249969 | HV11: 18182 | HW11: =(HV11/HN11)*100 -> 0.23168873 | HX11: =IC11-IF11 -> 7851645 | HY11: 234514 | HZ11: 248649 | IA11: -14135 | IB11: =(IA11/HS11)*100 -> -0.17970246 | IC11: =IH11-IK11 -> 7744098 | ID11: 160362 | IE11: 267909 | IF11: -107547 | IG11: =(IF11/HX11)*100 -> -1.3697384 | IH11: =IM11-IP11 -> 7809861 | II11: 317819 | IJ11: 252056 | IK11: 65763 | IL11: =(IK11/IC11)*100 -> 0.84920155 | IM11: =IR11-IU11 -> 7861731 | IN11: 332797 | IO11: 280927 | IP11: 51870 | IQ11: =(IP11/IH11)*100 -> 0.66416035 | IR11: =IW11-IZ11 -> 7894014 | IS11: 329413 | IT11: 297130 | IU11: 32283 | IV11: =(IU11/IM11)*100 -> 0.41063476 | IW11: =JB11-JE11 -> 7925689 | IX11: 338889 | IY11: 307214 | IZ11: 31675 | JA11: =(IZ11/IR11)*100 -> 0.40125341 | JB11: =JG11-JJ11 -> 7939966 | JC11: 299516 | JD11: 285239 | JE11: 14277 | JF11: =(JE11/IW11)*100 -> 0.18013576 | JG11: =JL11-JO11 -> 7968084 | JH11: 299672 | JI11: 271554 | JJ11: 28118 | JK11: =(JJ11/JB11)*100 -> 0.3541325 | JL11: =JQ11-JT11 -> 8013887 | JM11: 333702 | JN11: 287899 | JO11: 45803 | JP11: =(JO11/JG11)*100 -> 0.57483079 | JQ11: =JV11-JY11 -> 8064802 | JR11: 341894 | JS11: 290979 | JT11: 50915 | JU11: =(JT11/JL11)*100 -> 0.63533464 | JV11: =KA11-KD11 -> 8120662 | JW11: 330258 | JX11: 274398 | JY11: 55860 | JZ11: =(JY11/JQ11)*100 -> 0.69263945 | KA11: =KF11-KI11 -> 8144462 | KB11: 325204 | KC11: 301404 | KD11: 23800 | KE11: =(KD11/JV11)*100 -> 0.29307955 | KF11: =KK11-KN11 -> 8137709 | KG11: 259093 | KH11: 265846 | KI11: -6753 | KJ11: =(KI11/KA11)*100 -> -0.082915237 | KK11: =KP11-KS11 -> 8024689 | KL11: 161765 | KM11: 274785 | KN11: -113020 | KO11: =(KN11/KF11)*100 -> -1.388843 | KP11: =KU11-KX11 -> 8094049 | KQ11: 355175 | KR11: 285815 | KS11: 69360 | KT11: =(KS11/KK11)*100 -> 0.86433256 | KU11: =KZ11-LC11 -> 8157398 | KV11: 379712 | KW11: 316363 | KX11: 63349 | KY11: =(KX11/KP11)*100 -> 0.78266143 | KZ11: =LE11-LH11 -> 8169423 | LA11: 332331 | LB11: 320306 | LC11: 12025 | LD11: =(LC11/KU11)*100 -> 0.1474122 | LE11: =LJ11-LM11 -> 8200622 | LF11: 337958 | LG11: 306759 | LH11: 31199 | LI11: =(LH11/KZ11)*100 -> 0.38189968 | LJ11: =LO11-LR11 -> 8217457 | LK11: 320452 | LL11: 303617 | LM11: 16835 | LN11: =(LM11/LE11)*100 -> 0.20528931 | LO11: =LT11-LW11 -> 8234878 | LP11: 304725 | LQ11: 287304 | LR11: 17421 | LS11: =(LR11/LJ11)*100 -> 0.21199989 | LT11: =LY11-MB11 -> 8257712 | LU11: 331270 | LV11: 308436 | LW11: 22834 | LX11: =(LW11/LO11)*100 -> 0.27728401 | LY11: =MD11-MG11 -> 8275053 | LZ11: 321370 | MA11: 304029 | MB11: 17341 | MC11: =(MB11/LT11)*100 -> 0.20999764 | MD11: =MI11-ML11 -> 8314358 | ME11: 335865 | MF11: 296560 | MG11: 39305 | MH11: =(MG11/LY11)*100 -> 0.47498185 | MI11: =MN11-MQ11 -> 8302609 | MJ11: 305195 | MK11: 316944 | ML11: -11749 | MM11: =(ML11/MD11)*100 -> -0.14130977 | MN11: =MS11-MV11 -> 8271719 | MO11: 242208 | MP11: 273098 | MQ11: -30890 | MR11: =(MQ11/MI11)*100 -> -0.37205172 | MS11: 8138930 | MT11: 151425 | MU11: 284214 | MV11: -132789 | MW11: =(MV11/MN11)*100 -> -1.6053374 | MX11: =MS11+NA11 -> 8192167 | MY11: 332251 | MZ11: 279014 | NA11: 53237 | NB11: 0.64744455 | NC11: =MX11+NF11 -> 8221196 | ND11: 335998 | NE11: 306969 | NF11: 29029 | NG11: =(NF11/NC11)*100 -> 0.35309948 | NH11: =NC11+NK11 -> 8244888 | NI11: 361795 | NJ11: 338103 | NK11: 23692 | NL11: =(NK11/NH11)*100 -> 0.28735381 | NM11: =NH11+NP11 -> 8252238 | NN11: 326608 | NO11: 319258 | NP11: 7350 | NQ11: 0.08914987 | NR11: =NM11+NU11 -> 8255457 | NS11: 308986 | NT11: 305767 | NU11: 3219 | NV11: 0.039012574 | NW11: =NR11+NZ11 -> 8268049 | NX11: 309928 | NY11: 297336 | NZ11: 12592 | OA11: 0.15253951 | OB11: =NW11+OE11 -> 8277957 | OC11: 322671 | OD11: 312763 | OE11: 9908 | OF11: 0.119852 | OG11: =SUM(ND11,MY11,NI11,NN11,NS11,NX11,OC11) -> 2298237 | OH11: =SUM(NE11,MZ11,NJ11,NO11,NT11,NY11,OD11) -> 2159210 | OI11: =SUM(NF11,NA11,NK11,NP11,NU11,NZ11,OE11) -> 139027 | OJ11: =(OI11/MS11)*100 -> 1.7081729 | OK11: =SUM(MT11,MO11,MJ11,ME11,LZ11,MY11,ND11,NI11,NN11,NS11,NX11,OC11) -> 3654300 | OL11: =SUM(MU11,MP11,MK11,MF11,MA11,MZ11,NE11,NJ11,NO11,NT11,NY11,OD11) -> 3634055 | OM11: =SUM(MV11,MQ11,ML11,MG11,MB11,NA11,NF11,NK11,NP11,NU11,NZ11,OE11) -> 20245 | ON11: =OM11/(OB11-OM11)*100 -> 0.24516476
B12: Eletricidade e Gás | C12: =G12-J12 -> 126280 | D12: 1161 | E12: 1444 | F12: -283 | G12: =L12-O12 -> 126571 | H12: 1492 | I12: 1201 | J12: 291 | K12: =(J12/C12)*100 -> 0.23044029 | L12: =Q12-T12 -> 126740 | M12: 1264 | N12: 1095 | O12: 169 | P12: =(O12/G12)*100 -> 0.1335219 | Q12: =V12-Y12 -> 126790 | R12: 667 | S12: 617 | T12: 50 | U12: =(T12/L12)*100 -> 0.039450844 | V12: =AA12-AD12 -> 126801 | W12: 724 | X12: 713 | Y12: 11 | Z12: =(Y12/Q12)*100 -> 0.0086757631 | AA12: =AF12-AI12 -> 126467 | AB12: 750 | AC12: 1084 | AD12: -334 | AE12: =(AD12/V12)*100 -> -0.26340486 | AF12: =AK12-AN12 -> 126503 | AG12: 1020 | AH12: 984 | AI12: 36 | AJ12: =(AI12/AA12)*100 -> 0.028465924 | AK12: =AP12-AS12 -> 126623 | AL12: 1129 | AM12: 1009 | AN12: 120 | AO12: =(AN12/AF12)*100 -> 0.09485941 | AP12: =AU12-AX12 -> 126771 | AQ12: 1309 | AR12: 1161 | AS12: 148 | AT12: =(AS12/AK12)*100 -> 0.1168824 | AU12: =AZ12-BC12 -> 127124 | AV12: 1382 | AW12: 1029 | AX12: 353 | AY12: =(AX12/AP12)*100 -> 0.27845485 | AZ12: =BE12-BH12 -> 127438 | BA12: 1539 | BB12: 1225 | BC12: 314 | BD12: =(BC12/AU12)*100 -> 0.24700293 | BE12: =BJ12-BM12 -> 127108 | BF12: 1091 | BG12: 1421 | BH12: -330 | BI12: =(BH12/AZ12)*100 -> -0.25894945 | BJ12: =BO12-BR12 -> 127620 | BK12: 1672 | BL12: 1160 | BM12: 512 | BN12: =(BM12/BE12)*100 -> 0.40280706 | BO12: =BT12-BW12 -> 128026 | BP12: 1842 | BQ12: 1436 | BR12: 406 | BS12: =(BR12/BJ12)*100 -> 0.31813195 | BT12: =BY12-CB12 -> 127719 | BU12: 1626 | BV12: 1933 | BW12: -307 | BX12: =(BW12/BO12)*100 -> -0.23979504 | BY12: =CD12-CG12 -> 128159 | BZ12: 1936 | CA12: 1496 | CB12: 440 | CC12: =(CB12/BT12)*100 -> 0.3445063 | CD12: =CI12-CL12 -> 128378 | CE12: 1674 | CF12: 1455 | CG12: 219 | CH12: =(CG12/BY12)*100 -> 0.17088148 | CI12: =CN12-CQ12 -> 129160 | CJ12: 2094 | CK12: 1312 | CL12: 782 | CM12: =(CL12/CD12)*100 -> 0.60913864 | CN12: =CS12-CV12 -> 129579 | CO12: 1750 | CP12: 1331 | CQ12: 419 | CR12: =(CQ12/CI12)*100 -> 0.32440384 | CS12: =CX12-DA12 -> 129936 | CT12: 1990 | CU12: 1633 | CV12: 357 | CW12: =(CV12/CN12)*100 -> 0.27550761 | CX12: =DC12-DF12 -> 130254 | CY12: 2083 | CZ12: 1765 | DA12: 318 | DB12: =(DA12/CS12)*100 -> 0.24473587 | DC12: =DH12-DK12 -> 130555 | DD12: 1816 | DE12: 1515 | DF12: 301 | DG12: =(DF12/CX12)*100 -> 0.23108695 | DH12: =DM12-DP12 -> 130384 | DI12: 1672 | DJ12: 1843 | DK12: -171 | DL12: =(DK12/DC12)*100 -> -0.13097928 | DM12: =DR12-DU12 -> 129808 | DN12: 1210 | DO12: 1786 | DP12: -576 | DQ12: =(DP12/DH12)*100 -> -0.441772 | DR12: =DW12-DZ12 -> 129830 | DS12: 1431 | DT12: 1409 | DU12: 22 | DV12: =(DU12/DM12)*100 -> 0.016948108 | DW12: =EB12-EE12 -> 129687 | DX12: 1663 | DY12: 1806 | DZ12: -143 | EA12: =(DZ12/DR12)*100 -> -0.11014403 | EB12: =EG12-EJ12 -> 129887 | EC12: 1612 | ED12: 1412 | EE12: 200 | EF12: =(EE12/DW12)*100 -> 0.15421746 | EG12: =EL12-EO12 -> 129730 | EH12: 1595 | EI12: 1752 | EJ12: -157 | EK12: =(EJ12/EB12)*100 -> -0.1208743 | EL12: =EQ12-ET12 -> 129603 | EM12: 1506 | EN12: 1633 | EO12: -127 | EP12: =(EO12/EG12)*100 -> -0.097895629 | EQ12: =EV12-EY12 -> 129763 | ER12: 1685 | ES12: 1525 | ET12: 160 | EU12: =(ET12/EL12)*100 -> 0.12345393 | EV12: =FA12-FD12 -> 130221 | EW12: 1669 | EX12: 1211 | EY12: 458 | EZ12: =(EY12/EQ12)*100 -> 0.35295115 | FA12: =FF12-FI12 -> 130486 | FB12: 1685 | FC12: 1420 | FD12: 265 | FE12: =(FD12/EV12)*100 -> 0.2035002 | FF12: =FK12-FN12 -> 130798 | FG12: 1676 | FH12: 1364 | FI12: 312 | FJ12: =(FI12/FA12)*100 -> 0.23910611 | FK12: =FP12-FS12 -> 130608 | FL12: 1254 | FM12: 1444 | FN12: -190 | FO12: =(FN12/FF12)*100 -> -0.14526216 | FP12: =FU12-FX12 -> 130828 | FQ12: 1431 | FR12: 1211 | FS12: 220 | FT12: =(FS12/FK12)*100 -> 0.16844297 | FU12: =FZ12-GC12 -> 129800 | FV12: 1049 | FW12: 2077 | FX12: -1028 | FY12: =(FX12/FP12)*100 -> -0.78576452 | FZ12: =GE12-GH12 -> 129689 | GA12: 1373 | GB12: 1484 | GC12: -111 | GD12: =(GC12/FU12)*100 -> -0.085516179 | GE12: =GJ12-GM12 -> 129882 | GF12: 1742 | GG12: 1549 | GH12: 193 | GI12: =(GH12/FZ12)*100 -> 0.14881756 | GJ12: =GO12-GR12 -> 129974 | GK12: 1722 | GL12: 1630 | GM12: 92 | GN12: =(GM12/GE12)*100 -> 0.070833526 | GO12: =GT12-GW12 -> 130045 | GP12: 1958 | GQ12: 1887 | GR12: 71 | GS12: =(GR12/GJ12)*100 -> 0.05462631 | GT12: =GY12-HB12 -> 130258 | GU12: 1801 | GV12: 1588 | GW12: 213 | GX12: =(GW12/GO12)*100 -> 0.16378946 | GY12: =HD12-HG12 -> 130490 | GZ12: 1852 | HA12: 1620 | HB12: 232 | HC12: =(HB12/GT12)*100 -> 0.17810806 | HD12: =HI12-HL12 -> 130931 | HE12: 1845 | HF12: 1404 | HG12: 441 | HH12: =(HG12/GY12)*100 -> 0.33795693 | HI12: =HN12-HQ12 -> 131463 | HJ12: 2012 | HK12: 1480 | HL12: 532 | HM12: =(HL12/HD12)*100 -> 0.40632089 | HN12: =HS12-HV12 -> 131719 | HO12: 1727 | HP12: 1471 | HQ12: 256 | HR12: =(HQ12/HI12)*100 -> 0.1947316 | HS12: =HX12-IA12 -> 131915 | HT12: 1702 | HU12: 1506 | HV12: 196 | HW12: =(HV12/HN12)*100 -> 0.14880162 | HX12: =IC12-IF12 -> 132340 | HY12: 1759 | HZ12: 1334 | IA12: 425 | IB12: =(IA12/HS12)*100 -> 0.32217716 | IC12: =IH12-IK12 -> 132116 | ID12: 1416 | IE12: 1640 | IF12: -224 | IG12: =(IF12/HX12)*100 -> -0.16926099 | IH12: =IM12-IP12 -> 132001 | II12: 1616 | IJ12: 1731 | IK12: -115 | IL12: =(IK12/IC12)*100 -> -0.087044718 | IM12: =IR12-IU12 -> 132154 | IN12: 1718 | IO12: 1565 | IP12: 153 | IQ12: =(IP12/IH12)*100 -> 0.11590821 | IR12: =IW12-IZ12 -> 132349 | IS12: 1948 | IT12: 1753 | IU12: 195 | IV12: =(IU12/IM12)*100 -> 0.14755513 | IW12: =JB12-JE12 -> 132934 | IX12: 2526 | IY12: 1941 | IZ12: 585 | JA12: =(IZ12/IR12)*100 -> 0.44201316 | JB12: =JG12-JJ12 -> 133489 | JC12: 2048 | JD12: 1493 | JE12: 555 | JF12: =(JE12/IW12)*100 -> 0.41750041 | JG12: =JL12-JO12 -> 134169 | JH12: 2200 | JI12: 1520 | JJ12: 680 | JK12: =(JJ12/JB12)*100 -> 0.50940527 | JL12: =JQ12-JT12 -> 134609 | JM12: 2309 | JN12: 1869 | JO12: 440 | JP12: =(JO12/JG12)*100 -> 0.32794461 | JQ12: =JV12-JY12 -> 134116 | JR12: 2200 | JS12: 2693 | JT12: -493 | JU12: =(JT12/JL12)*100 -> -0.36624594 | JV12: =KA12-KD12 -> 134617 | JW12: 2159 | JX12: 1658 | JY12: 501 | JZ12: =(JY12/JQ12)*100 -> 0.37355722 | KA12: =KF12-KI12 -> 134741 | KB12: 2216 | KC12: 2092 | KD12: 124 | KE12: =(KD12/JV12)*100 -> 0.09211318 | KF12: =KK12-KN12 -> 135127 | KG12: 2128 | KH12: 1742 | KI12: 386 | KJ12: =(KI12/KA12)*100 -> 0.28647553 | KK12: =KP12-KS12 -> 135250 | KL12: 1832 | KM12: 1709 | KN12: 123 | KO12: =(KN12/KF12)*100 -> 0.09102548 | KP12: =KU12-KX12 -> 135566 | KQ12: 2006 | KR12: 1690 | KS12: 316 | KT12: =(KS12/KK12)*100 -> 0.2336414 | KU12: =KZ12-LC12 -> 135976 | KV12: 2166 | KW12: 1756 | KX12: 410 | KY12: =(KX12/KP12)*100 -> 0.30243571 | KZ12: =LE12-LH12 -> 136313 | LA12: 2006 | LB12: 1669 | LC12: 337 | LD12: =(LC12/KU12)*100 -> 0.24783785 | LE12: =LJ12-LM12 -> 137051 | LF12: 2203 | LG12: 1465 | LH12: 738 | LI12: =(LH12/KZ12)*100 -> 0.54140104 | LJ12: =LO12-LR12 -> 137353 | LK12: 1952 | LL12: 1650 | LM12: 302 | LN12: =(LM12/LE12)*100 -> 0.22035593 | LO12: =LT12-LW12 -> 137762 | LP12: 2228 | LQ12: 1819 | LR12: 409 | LS12: =(LR12/LJ12)*100 -> 0.29777289 | LT12: =LY12-MB12 -> 138272 | LU12: 2172 | LV12: 1662 | LW12: 510 | LX12: =(LW12/LO12)*100 -> 0.37020368 | LY12: =MD12-MG12 -> 139012 | LZ12: 2460 | MA12: 1720 | MB12: 740 | MC12: =(MB12/LT12)*100 -> 0.53517704 | MD12: =MI12-ML12 -> 139841 | ME12: 2327 | MF12: 1498 | MG12: 829 | MH12: =(MG12/LY12)*100 -> 0.59635139 | MI12: =MN12-MQ12 -> 140525 | MJ12: 2369 | MK12: 1685 | ML12: 684 | MM12: =(ML12/MD12)*100 -> 0.48912694 | MN12: =MS12-MV12 -> 141655 | MO12: 2565 | MP12: 1435 | MQ12: 1130 | MR12: =(MQ12/MI12)*100 -> 0.80412738 | MS12: 141633 | MT12: 1501 | MU12: 1523 | MV12: -22 | MW12: =(MV12/MN12)*100 -> -0.015530691 | MX12: =MS12+NA12 -> 142462 | MY12: 2424 | MZ12: 1595 | NA12: 829 | NB12: 0.57181877 | NC12: =MX12+NF12 -> 142635 | ND12: 2144 | NE12: 1971 | NF12: 173 | NG12: =(NF12/NC12)*100 -> 0.1212886 | NH12: =NC12+NK12 -> 143034 | NI12: 2377 | NJ12: 1978 | NK12: 399 | NL12: =(NK12/NH12)*100 -> 0.27895465 | NM12: =NH12+NP12 -> 143700 | NN12: 2514 | NO12: 1848 | NP12: 666 | NQ12: 0.4655194 | NR12: =NM12+NU12 -> 144395 | NS12: 2536 | NT12: 1841 | NU12: 695 | NV12: 0.48351863 | NW12: =NR12+NZ12 -> 144754 | NX12: 2529 | NY12: 2170 | NZ12: 359 | OA12: 0.24846183 | OB12: =NW12+OE12 -> 145211 | OC12: 2886 | OD12: 2429 | OE12: 457 | OF12: 0.315488 | OG12: =SUM(ND12,MY12,NI12,NN12,NS12,NX12,OC12) -> 17410 | OH12: =SUM(NE12,MZ12,NJ12,NO12,NT12,NY12,OD12) -> 13832 | OI12: =SUM(NF12,NA12,NK12,NP12,NU12,NZ12,OE12) -> 3578 | OJ12: =(OI12/MS12)*100 -> 2.5262474 | OK12: =SUM(MT12,MO12,MJ12,ME12,LZ12,MY12,ND12,NI12,NN12,NS12,NX12,OC12) -> 28632 | OL12: =SUM(MU12,MP12,MK12,MF12,MA12,MZ12,NE12,NJ12,NO12,NT12,NY12,OD12) -> 21693 | OM12: =SUM(MV12,MQ12,ML12,MG12,MB12,NA12,NF12,NK12,NP12,NU12,NZ12,OE12) -> 6939 | ON12: =OM12/(OB12-OM12)*100 -> 5.0183696
B13: Água, Esgoto, Atividades de Gestão de Resíduos e Descontaminação | C13: =G13-J13 -> 339782 | D13: 6796 | E13: 6310 | F13: 486 | G13: =L13-O13 -> 341161 | H13: 8376 | I13: 6997 | J13: 1379 | K13: =(J13/C13)*100 -> 0.40584846 | L13: =Q13-T13 -> 341627 | M13: 7437 | N13: 6971 | O13: 466 | P13: =(O13/G13)*100 -> 0.1365924 | Q13: =V13-Y13 -> 338545 | R13: 3715 | S13: 6797 | T13: -3082 | U13: =(T13/L13)*100 -> -0.90215352 | V13: =AA13-AD13 -> 336317 | W13: 4166 | X13: 6394 | Y13: -2228 | Z13: =(Y13/Q13)*100 -> -0.65811044 | AA13: =AF13-AI13 -> 334940 | AB13: 4338 | AC13: 5715 | AD13: -1377 | AE13: =(AD13/V13)*100 -> -0.40943515 | AF13: =AK13-AN13 -> 334543 | AG13: 5310 | AH13: 5707 | AI13: -397 | AJ13: =(AI13/AA13)*100 -> -0.11852869 | AK13: =AP13-AS13 -> 336195 | AL13: 6833 | AM13: 5181 | AN13: 1652 | AO13: =(AN13/AF13)*100 -> 0.49380797 | AP13: =AU13-AX13 -> 337662 | AQ13: 7179 | AR13: 5712 | AS13: 1467 | AT13: =(AS13/AK13)*100 -> 0.4363539 | AU13: =AZ13-BC13 -> 339860 | AV13: 8355 | AW13: 6157 | AX13: 2198 | AY13: =(AX13/AP13)*100 -> 0.6509468 | AZ13: =BE13-BH13 -> 340891 | BA13: 7144 | BB13: 6113 | BC13: 1031 | BD13: =(BC13/AU13)*100 -> 0.30336021 | BE13: =BJ13-BM13 -> 339764 | BF13: 5884 | BG13: 7011 | BH13: -1127 | BI13: =(BH13/AZ13)*100 -> -0.33060421 | BJ13: =BO13-BR13 -> 341026 | BK13: 7755 | BL13: 6493 | BM13: 1262 | BN13: =(BM13/BE13)*100 -> 0.37143429 | BO13: =BT13-BW13 -> 343725 | BP13: 8984 | BQ13: 6285 | BR13: 2699 | BS13: =(BR13/BJ13)*100 -> 0.79143526 | BT13: =BY13-CB13 -> 345238 | BU13: 9197 | BV13: 7684 | BW13: 1513 | BX13: =(BW13/BO13)*100 -> 0.44017747 | BY13: =CD13-CG13 -> 344602 | BZ13: 7701 | CA13: 8337 | CB13: -636 | CC13: =(CB13/BT13)*100 -> -0.18422074 | CD13: =CI13-CL13 -> 346819 | CE13: 9397 | CF13: 7180 | CG13: 2217 | CH13: =(CG13/BY13)*100 -> 0.64335088 | CI13: =CN13-CQ13 -> 348947 | CJ13: 9162 | CK13: 7034 | CL13: 2128 | CM13: =(CL13/CD13)*100 -> 0.61357653 | CN13: =CS13-CV13 -> 350831 | CO13: 8585 | CP13: 6701 | CQ13: 1884 | CR13: =(CQ13/CI13)*100 -> 0.53991007 | CS13: =CX13-DA13 -> 352251 | CT13: 8843 | CU13: 7423 | CV13: 1420 | CW13: =(CV13/CN13)*100 -> 0.40475329 | CX13: =DC13-DF13 -> 353683 | CY13: 8737 | CZ13: 7305 | DA13: 1432 | DB13: =(DA13/CS13)*100 -> 0.4065283 | DC13: =DH13-DK13 -> 355181 | DD13: 9450 | DE13: 7952 | DF13: 1498 | DG13: =(DF13/CX13)*100 -> 0.42354312 | DH13: =DM13-DP13 -> 357138 | DI13: 9521 | DJ13: 7564 | DK13: 1957 | DL13: =(DK13/DC13)*100 -> 0.55098668 | DM13: =DR13-DU13 -> 355088 | DN13: 8610 | DO13: 10660 | DP13: -2050 | DQ13: =(DP13/DH13)*100 -> -0.57400781 | DR13: =DW13-DZ13 -> 357176 | DS13: 9636 | DT13: 7548 | DU13: 2088 | DV13: =(DU13/DM13)*100 -> 0.58802325 | DW13: =EB13-EE13 -> 359840 | DX13: 11026 | DY13: 8362 | DZ13: 2664 | EA13: =(DZ13/DR13)*100 -> 0.74585079 | EB13: =EG13-EJ13 -> 361921 | EC13: 11719 | ED13: 9638 | EE13: 2081 | EF13: =(EE13/DW13)*100 -> 0.57831258 | EG13: =EL13-EO13 -> 364445 | EH13: 10512 | EI13: 7988 | EJ13: 2524 | EK13: =(EJ13/EB13)*100 -> 0.69738976 | EL13: =EQ13-ET13 -> 367945 | EM13: 11696 | EN13: 8196 | EO13: 3500 | EP13: =(EO13/EG13)*100 -> 0.96036439 | EQ13: =EV13-EY13 -> 369979 | ER13: 11127 | ES13: 9093 | ET13: 2034 | EU13: =(ET13/EL13)*100 -> 0.55280001 | EV13: =FA13-FD13 -> 372182 | EW13: 10637 | EX13: 8434 | EY13: 2203 | EZ13: =(EY13/EQ13)*100 -> 0.5954392 | FA13: =FF13-FI13 -> 374516 | FB13: 11040 | FC13: 8706 | FD13: 2334 | FE13: =(FD13/EV13)*100 -> 0.62711254 | FF13: =FK13-FN13 -> 375871 | FG13: 9362 | FH13: 8007 | FI13: 1355 | FJ13: =(FI13/FA13)*100 -> 0.3618003 | FK13: =FP13-FS13 -> 377172 | FL13: 9255 | FM13: 7954 | FN13: 1301 | FO13: =(FN13/FF13)*100 -> 0.34612939 | FP13: =FU13-FX13 -> 376969 | FQ13: 8764 | FR13: 8967 | FS13: -203 | FT13: =(FS13/FK13)*100 -> -0.053821599 | FU13: =FZ13-GC13 -> 377081 | FV13: 8076 | FW13: 7964 | FX13: 112 | FY13: =(FX13/FP13)*100 -> 0.029710666 | FZ13: =GE13-GH13 -> 377136 | GA13: 9893 | GB13: 9838 | GC13: 55 | GD13: =(GC13/FU13)*100 -> 0.014585726 | GE13: =GJ13-GM13 -> 378808 | GF13: 11079 | GG13: 9407 | GH13: 1672 | GI13: =(GH13/FZ13)*100 -> 0.44334139 | GJ13: =GO13-GR13 -> 380258 | GK13: 11844 | GL13: 10394 | GM13: 1450 | GN13: =(GM13/GE13)*100 -> 0.38277967 | GO13: =GT13-GW13 -> 382239 | GP13: 10581 | GQ13: 8600 | GR13: 1981 | GS13: =(GR13/GJ13)*100 -> 0.52096208 | GT13: =GY13-HB13 -> 382054 | GU13: 10262 | GV13: 10447 | GW13: -185 | GX13: =(GW13/GO13)*100 -> -0.048399038 | GY13: =HD13-HG13 -> 382407 | GZ13: 9870 | HA13: 9517 | HB13: 353 | HC13: =(HB13/GT13)*100 -> 0.092395316 | HD13: =HI13-HL13 -> 383704 | HE13: 10924 | HF13: 9627 | HG13: 1297 | HH13: =(HG13/GY13)*100 -> 0.33916743 | HI13: =HN13-HQ13 -> 385115 | HJ13: 12131 | HK13: 10720 | HL13: 1411 | HM13: =(HL13/HD13)*100 -> 0.36773138 | HN13: =HS13-HV13 -> 385039 | HO13: 9407 | HP13: 9483 | HQ13: -76 | HR13: =(HQ13/HI13)*100 -> -0.019734365 | HS13: =HX13-IA13 -> 386507 | HT13: 10282 | HU13: 8814 | HV13: 1468 | HW13: =(HV13/HN13)*100 -> 0.38126008 | HX13: =IC13-IF13 -> 387022 | HY13: 9293 | HZ13: 8778 | IA13: 515 | IB13: =(IA13/HS13)*100 -> 0.13324468 | IC13: =IH13-IK13 -> 384222 | ID13: 7834 | IE13: 10634 | IF13: -2800 | IG13: =(IF13/HX13)*100 -> -0.72347308 | IH13: =IM13-IP13 -> 385128 | II13: 10989 | IJ13: 10083 | IK13: 906 | IL13: =(IK13/IC13)*100 -> 0.23580118 | IM13: =IR13-IU13 -> 386295 | IN13: 12007 | IO13: 10840 | IP13: 1167 | IQ13: =(IP13/IH13)*100 -> 0.30301614 | IR13: =IW13-IZ13 -> 388840 | IS13: 13365 | IT13: 10820 | IU13: 2545 | IV13: =(IU13/IM13)*100 -> 0.65882292 | IW13: =JB13-JE13 -> 390683 | IX13: 13340 | IY13: 11497 | IZ13: 1843 | JA13: =(IZ13/IR13)*100 -> 0.47397387 | JB13: =JG13-JJ13 -> 392002 | JC13: 12594 | JD13: 11275 | JE13: 1319 | JF13: =(JE13/IW13)*100 -> 0.33761387 | JG13: =JL13-JO13 -> 393570 | JH13: 11877 | JI13: 10309 | JJ13: 1568 | JK13: =(JJ13/JB13)*100 -> 0.39999796 | JL13: =JQ13-JT13 -> 395556 | JM13: 12801 | JN13: 10815 | JO13: 1986 | JP13: =(JO13/JG13)*100 -> 0.50461163 | JQ13: =JV13-JY13 -> 395222 | JR13: 12074 | JS13: 12408 | JT13: -334 | JU13: =(JT13/JL13)*100 -> -0.084438107 | JV13: =KA13-KD13 -> 397507 | JW13: 12065 | JX13: 9780 | JY13: 2285 | JZ13: =(JY13/JQ13)*100 -> 0.57815607 | KA13: =KF13-KI13 -> 397230 | KB13: 11390 | KC13: 11667 | KD13: -277 | KE13: =(KD13/JV13)*100 -> -0.069684307 | KF13: =KK13-KN13 -> 396687 | KG13: 9809 | KH13: 10352 | KI13: -543 | KJ13: =(KI13/KA13)*100 -> -0.13669662 | KK13: =KP13-KS13 -> 393995 | KL13: 8690 | KM13: 11382 | KN13: -2692 | KO13: =(KN13/KF13)*100 -> -0.67862068 | KP13: =KU13-KX13 -> 394147 | KQ13: 13209 | KR13: 13057 | KS13: 152 | KT13: =(KS13/KK13)*100 -> 0.03857917 | KU13: =KZ13-LC13 -> 398538 | KV13: 18060 | KW13: 13669 | KX13: 4391 | KY13: =(KX13/KP13)*100 -> 1.1140514 | KZ13: =LE13-LH13 -> 398852 | LA13: 13597 | LB13: 13283 | LC13: 314 | LD13: =(LC13/KU13)*100 -> 0.07878797 | LE13: =LJ13-LM13 -> 400973 | LF13: 14138 | LG13: 12017 | LH13: 2121 | LI13: =(LH13/KZ13)*100 -> 0.5317762 | LJ13: =LO13-LR13 -> 404091 | LK13: 15672 | LL13: 12554 | LM13: 3118 | LN13: =(LM13/LE13)*100 -> 0.77760847 | LO13: =LT13-LW13 -> 405309 | LP13: 13419 | LQ13: 12201 | LR13: 1218 | LS13: =(LR13/LJ13)*100 -> 0.30141726 | LT13: =LY13-MB13 -> 404605 | LU13: 12851 | LV13: 13555 | LW13: -704 | LX13: =(LW13/LO13)*100 -> -0.17369464 | LY13: =MD13-MG13 -> 405125 | LZ13: 12577 | MA13: 12057 | MB13: 520 | MC13: =(MB13/LT13)*100 -> 0.12852041 | MD13: =MI13-ML13 -> 407245 | ME13: 14851 | MF13: 12731 | MG13: 2120 | MH13: =(MG13/LY13)*100 -> 0.52329528 | MI13: =MN13-MQ13 -> 407436 | MJ13: 12789 | MK13: 12598 | ML13: 191 | MM13: =(ML13/MD13)*100 -> 0.046900514 | MN13: =MS13-MV13 -> 409758 | MO13: 12681 | MP13: 10359 | MQ13: 2322 | MR13: =(MQ13/MI13)*100 -> 0.56990546 | MS13: 408351 | MT13: 9883 | MU13: 11290 | MV13: -1407 | MW13: =(MV13/MN13)*100 -> -0.34337341 | MX13: =MS13+NA13 -> 408835 | MY13: 13332 | MZ13: 12848 | NA13: 484 | NB13: 0.11793918 | NC13: =MX13+NF13 -> 410461 | ND13: 14156 | NE13: 12530 | NF13: 1626 | NG13: =(NF13/NC13)*100 -> 0.39613995 | NH13: =NC13+NK13 -> 413020 | NI13: 15208 | NJ13: 12649 | NK13: 2559 | NL13: =(NK13/NH13)*100 -> 0.61958259 | NM13: =NH13+NP13 -> 413674 | NN13: 13830 | NO13: 13176 | NP13: 654 | NQ13: 0.15838994 | NR13: =NM13+NU13 -> 414312 | NS13: 12521 | NT13: 11883 | NU13: 638 | NV13: 0.15425457 | NW13: =NR13+NZ13 -> 415617 | NX13: 12994 | NY13: 11689 | NZ13: 1305 | OA13: 0.31499445 | OB13: =NW13+OE13 -> 416549 | OC13: 12737 | OD13: 11805 | OE13: 932 | OF13: 0.224269 | OG13: =SUM(ND13,MY13,NI13,NN13,NS13,NX13,OC13) -> 94778 | OH13: =SUM(NE13,MZ13,NJ13,NO13,NT13,NY13,OD13) -> 86580 | OI13: =SUM(NF13,NA13,NK13,NP13,NU13,NZ13,OE13) -> 8198 | OJ13: =(OI13/MS13)*100 -> 2.0075866 | OK13: =SUM(MT13,MO13,MJ13,ME13,LZ13,MY13,ND13,NI13,NN13,NS13,NX13,OC13) -> 157559 | OL13: =SUM(MU13,MP13,MK13,MF13,MA13,MZ13,NE13,NJ13,NO13,NT13,NY13,OD13) -> 145615 | OM13: =SUM(MV13,MQ13,ML13,MG13,MB13,NA13,NF13,NK13,NP13,NU13,NZ13,OE13) -> 11944 | ON13: =OM13/(OB13-OM13)*100 -> 2.9520149
B14: Construção | C14: =G14-J14 -> 2034859 | D14: 143164 | E14: 111392 | F14: 31772 | G14: =L14-O14 -> 2058326 | H14: 137113 | I14: 113646 | J14: 23467 | K14: =(J14/C14)*100 -> 1.1532494 | L14: =Q14-T14 -> 2045149 | M14: 125344 | N14: 138521 | O14: -13177 | P14: =(O14/G14)*100 -> -0.64018042 | Q14: =V14-Y14 -> 1975579 | R14: 59027 | S14: 128597 | T14: -69570 | U14: =(T14/L14)*100 -> -3.4017081 | V14: =AA14-AD14 -> 1954933 | W14: 86416 | X14: 107062 | Y14: -20646 | Z14: =(Y14/Q14)*100 -> -1.0450607 | AA14: =AF14-AI14 -> 1971949 | AB14: 114898 | AC14: 97882 | AD14: 17016 | AE14: =(AD14/V14)*100 -> 0.87041346 | AF14: =AK14-AN14 -> 2013902 | AG14: 140688 | AH14: 98735 | AI14: 41953 | AJ14: =(AI14/AA14)*100 -> 2.1274891 | AK14: =AP14-AS14 -> 2064750 | AL14: 151653 | AM14: 100805 | AN14: 50848 | AO14: =(AN14/AF14)*100 -> 2.5248498 | AP14: =AU14-AX14 -> 2111157 | AQ14: 155971 | AR14: 109564 | AS14: 46407 | AT14: =(AS14/AK14)*100 -> 2.2475845 | AU14: =AZ14-BC14 -> 2148033 | AV14: 156900 | AW14: 120024 | AX14: 36876 | AY14: =(AX14/AP14)*100 -> 1.7467199 | AZ14: =BE14-BH14 -> 2169129 | BA14: 141136 | BB14: 120040 | BC14: 21096 | BD14: =(BC14/AU14)*100 -> 0.98210782 | BE14: =BJ14-BM14 -> 2124771 | BF14: 94316 | BG14: 138674 | BH14: -44358 | BI14: =(BH14/AZ14)*100 -> -2.0449683 | BJ14: =BO14-BR14 -> 2169711 | BK14: 159138 | BL14: 114198 | BM14: 44940 | BN14: =(BM14/BE14)*100 -> 2.1150515 | BO14: =BT14-BW14 -> 2213909 | BP14: 166683 | BQ14: 122485 | BR14: 44198 | BS14: =(BR14/BJ14)*100 -> 2.0370455 | BT14: =BY14-CB14 -> 2239316 | BU14: 162863 | BV14: 137456 | BW14: 25407 | BX14: =(BW14/BO14)*100 -> 1.1476081 | BY14: =CD14-CG14 -> 2262432 | BZ14: 148046 | CA14: 124930 | CB14: 23116 | CC14: =(CB14/BT14)*100 -> 1.0322795 | CD14: =CI14-CL14 -> 2286104 | CE14: 158857 | CF14: 135185 | CG14: 23672 | CH14: =(CG14/BY14)*100 -> 1.0463077 | CI14: =CN14-CQ14 -> 2309432 | CJ14: 162207 | CK14: 138879 | CL14: 23328 | CM14: =(CL14/CD14)*100 -> 1.020426 | CN14: =CS14-CV14 -> 2340071 | CO14: 169142 | CP14: 138503 | CQ14: 30639 | CR14: =(CQ14/CI14)*100 -> 1.3266899 | CS14: =CX14-DA14 -> 2373461 | CT14: 176521 | CU14: 143131 | CV14: 33390 | CW14: =(CV14/CN14)*100 -> 1.4268798 | CX14: =DC14-DF14 -> 2399667 | CY14: 170070 | CZ14: 143864 | DA14: 26206 | DB14: =(DA14/CS14)*100 -> 1.104126 | DC14: =DH14-DK14 -> 2416903 | DD14: 166443 | DE14: 149207 | DF14: 17236 | DG14: =(DF14/CX14)*100 -> 0.71826633 | DH14: =DM14-DP14 -> 2429388 | DI14: 162384 | DJ14: 149899 | DK14: 12485 | DL14: =(DK14/DC14)*100 -> 0.51657017 | DM14: =DR14-DU14 -> 2377355 | DN14: 113698 | DO14: 165731 | DP14: -52033 | DQ14: =(DP14/DH14)*100 -> -2.1418151 | DR14: =DW14-DZ14 -> 2414164 | DS14: 182135 | DT14: 145326 | DU14: 36809 | DV14: =(DU14/DM14)*100 -> 1.5483174 | DW14: =EB14-EE14 -> 2453617 | DX14: 192311 | DY14: 152858 | DZ14: 39453 | EA14: =(DZ14/DR14)*100 -> 1.6342303 | EB14: =EG14-EJ14 -> 2478676 | EC14: 191104 | ED14: 166045 | EE14: 25059 | EF14: =(EE14/DW14)*100 -> 1.0213085 | EG14: =EL14-EO14 -> 2504017 | EH14: 179899 | EI14: 154558 | EJ14: 25341 | EK14: =(EJ14/EB14)*100 -> 1.0223603 | EL14: =EQ14-ET14 -> 2539462 | EM14: 201708 | EN14: 166263 | EO14: 35445 | EP14: =(EO14/EG14)*100 -> 1.4155255 | EQ14: =EV14-EY14 -> 2569719 | ER14: 192229 | ES14: 161972 | ET14: 30257 | EU14: =(ET14/EL14)*100 -> 1.1914728 | EV14: =FA14-FD14 -> 2601801 | EW14: 195679 | EX14: 163597 | EY14: 32082 | EZ14: =(EY14/EQ14)*100 -> 1.2484634 | FA14: =FF14-FI14 -> 2636957 | FB14: 211068 | FC14: 175912 | FD14: 35156 | FE14: =(FD14/EV14)*100 -> 1.3512179 | FF14: =FK14-FN14 -> 2668123 | FG14: 197256 | FH14: 166090 | FI14: 31166 | FJ14: =(FI14/FA14)*100 -> 1.1818926 | FK14: =FP14-FS14 -> 2673471 | FL14: 174681 | FM14: 169333 | FN14: 5348 | FO14: =(FN14/FF14)*100 -> 0.20044053 | FP14: =FU14-FX14 -> 2654702 | FQ14: 158287 | FR14: 177056 | FS14: -18769 | FT14: =(FS14/FK14)*100 -> -0.70204614 | FU14: =FZ14-GC14 -> 2580197 | FV14: 110955 | FW14: 185460 | FX14: -74505 | FY14: =(FX14/FP14)*100 -> -2.8065297 | FZ14: =GE14-GH14 -> 2619162 | GA14: 198850 | GB14: 159885 | GC14: 38965 | GD14: =(GC14/FU14)*100 -> 1.510156 | GE14: =GJ14-GM14 -> 2641408 | GF14: 183041 | GG14: 160795 | GH14: 22246 | GI14: =(GH14/FZ14)*100 -> 0.84935563 | GJ14: =GO14-GR14 -> 2675049 | GK14: 216380 | GL14: 182739 | GM14: 33641 | GN14: =(GM14/GE14)*100 -> 1.273601 | GO14: =GT14-GW14 -> 2701986 | GP14: 183566 | GQ14: 156629 | GR14: 26937 | GS14: =(GR14/GJ14)*100 -> 1.0069722 | GT14: =GY14-HB14 -> 2729944 | GU14: 208231 | GV14: 180273 | GW14: 27958 | GX14: =(GW14/GO14)*100 -> 1.0347204 | GY14: =HD14-HG14 -> 2750897 | GZ14: 196651 | HA14: 175698 | HB14: 20953 | HC14: =(HB14/GT14)*100 -> 0.7675249 | HD14: =HI14-HL14 -> 2776320 | HE14: 198957 | HF14: 173534 | HG14: 25423 | HH14: =(HG14/GY14)*100 -> 0.92417128 | HI14: =HN14-HQ14 -> 2804679 | HJ14: 218051 | HK14: 189692 | HL14: 28359 | HM14: =(HL14/HD14)*100 -> 1.0214601 | HN14: =HS14-HV14 -> 2825620 | HO14: 191063 | HP14: 170122 | HQ14: 20941 | HR14: =(HQ14/HI14)*100 -> 0.74664516 | HS14: =HX14-IA14 -> 2837100 | HT14: 190286 | HU14: 178806 | HV14: 11480 | HW14: =(HV14/HN14)*100 -> 0.40628251 | HX14: =IC14-IF14 -> 2819800 | HY14: 170865 | HZ14: 188165 | IA14: -17300 | IB14: =(IA14/HS14)*100 -> -0.60977759 | IC14: =IH14-IK14 -> 2744169 | ID14: 115631 | IE14: 191262 | IF14: -75631 | IG14: =(IF14/HX14)*100 -> -2.6821406 | IH14: =IM14-IP14 -> 2793260 | II14: 217059 | IJ14: 167968 | IK14: 49091 | IL14: =(IK14/IC14)*100 -> 1.7889204 | IM14: =IR14-IU14 -> 2828313 | IN14: 213842 | IO14: 178789 | IP14: 35053 | IQ14: =(IP14/IH14)*100 -> 1.2549136 | IR14: =IW14-IZ14 -> 2856979 | IS14: 216414 | IT14: 187748 | IU14: 28666 | IV14: =(IU14/IM14)*100 -> 1.013537 | IW14: =JB14-JE14 -> 2888872 | IX14: 221932 | IY14: 190039 | IZ14: 31893 | JA14: =(IZ14/IR14)*100 -> 1.116319 | JB14: =JG14-JJ14 -> 2907021 | JC14: 211420 | JD14: 193271 | JE14: 18149 | JF14: =(JE14/IW14)*100 -> 0.62823829 | JG14: =JL14-JO14 -> 2928470 | JH14: 203628 | JI14: 182179 | JJ14: 21449 | JK14: =(JJ14/JB14)*100 -> 0.73783437 | JL14: =JQ14-JT14 -> 2948164 | JM14: 217496 | JN14: 197802 | JO14: 19694 | JP14: =(JO14/JG14)*100 -> 0.67250134 | JQ14: =JV14-JY14 -> 2961536 | JR14: 214820 | JS14: 201448 | JT14: 13372 | JU14: =(JT14/JL14)*100 -> 0.45357043 | JV14: =KA14-KD14 -> 2978560 | JW14: 206311 | JX14: 189287 | JY14: 17024 | JZ14: =(JY14/JQ14)*100 -> 0.57483684 | KA14: =KF14-KI14 -> 2977793 | KB14: 207139 | KC14: 207906 | KD14: -767 | KE14: =(KD14/JV14)*100 -> -0.025750698 | KF14: =KK14-KN14 -> 2947702 | KG14: 169319 | KH14: 199410 | KI14: -30091 | KJ14: =(KI14/KA14)*100 -> -1.0105135 | KK14: =KP14-KS14 -> 2858029 | KL14: 109105 | KM14: 198778 | KN14: -89673 | KO14: =(KN14/KF14)*100 -> -3.0421325 | KP14: =KU14-KX14 -> 2896402 | KQ14: 223601 | KR14: 185228 | KS14: 38373 | KT14: =(KS14/KK14)*100 -> 1.3426386 | KU14: =KZ14-LC14 -> 2937273 | KV14: 240305 | KW14: 199434 | KX14: 40871 | KY14: =(KX14/KP14)*100 -> 1.4110956 | KZ14: =LE14-LH14 -> 2959219 | LA14: 214973 | LB14: 193027 | LC14: 21946 | LD14: =(LC14/KU14)*100 -> 0.74715561 | LE14: =LJ14-LM14 -> 2993514 | LF14: 221692 | LG14: 187397 | LH14: 34295 | LI14: =(LH14/KZ14)*100 -> 1.1589206 | LJ14: =LO14-LR14 -> 3010192 | LK14: 223194 | LL14: 206516 | LM14: 16678 | LN14: =(LM14/LE14)*100 -> 0.55713787 | LO14: =LT14-LW14 -> 3020857 | LP14: 203901 | LQ14: 193236 | LR14: 10665 | LS14: =(LR14/LJ14)*100 -> 0.35429634 | LT14: =LY14-MB14 -> 3039923 | LU14: 221024 | LV14: 201958 | LW14: 19066 | LX14: =(LW14/LO14)*100 -> 0.6311454 | LY14: =MD14-MG14 -> 3057251 | LZ14: 220577 | MA14: 203249 | MB14: 17328 | MC14: =(MB14/LT14)*100 -> 0.57001444 | MD14: =MI14-ML14 -> 3081106 | ME14: 223799 | MF14: 199944 | MG14: 23855 | MH14: =(MG14/LY14)*100 -> 0.78027614 | MI14: =MN14-MQ14 -> 3078231 | MJ14: 215029 | MK14: 217904 | ML14: -2875 | MM14: =(ML14/MD14)*100 -> -0.093310649 | MN14: =MS14-MV14 -> 3054427 | MO14: 175889 | MP14: 199693 | MQ14: -23804 | MR14: =(MQ14/MI14)*100 -> -0.77330129 | MS14: 2950350 | MT14: 108235 | MU14: 212312 | MV14: -104077 | MW14: =(MV14/MN14)*100 -> -3.4074149 | MX14: =MS14+NA14 -> 3000895 | MY14: 225073 | MZ14: 174528 | NA14: 50545 | NB14: 1.7171997 | NC14: =MX14+NF14 -> 3031994 | ND14: 217475 | NE14: 186376 | NF14: 31099 | NG14: =(NF14/NC14)*100 -> 1.0256946 | NH14: =NC14+NK14 -> 3070310 | NI14: 237137 | NJ14: 198821 | NK14: 38316 | NL14: =(NK14/NH14)*100 -> 1.2479522 | NM14: =NH14+NP14 -> 3093835 | NN14: 218123 | NO14: 194598 | NP14: 23525 | NQ14: 0.76619381 | NR14: =NM14+NU14 -> 3105931 | NS14: 211581 | NT14: 199485 | NU14: 12096 | NV14: 0.39111429 | NW14: =NR14+NZ14 -> 3120067 | NX14: 208989 | NY14: 194853 | NZ14: 14136 | OA14: 0.45523989 | OB14: =NW14+OE14 -> 3132758 | OC14: 219421 | OD14: 206730 | OE14: 12691 | OF14: 0.40701 | OG14: =SUM(ND14,MY14,NI14,NN14,NS14,NX14,OC14) -> 1537799 | OH14: =SUM(NE14,MZ14,NJ14,NO14,NT14,NY14,OD14) -> 1355391 | OI14: =SUM(NF14,NA14,NK14,NP14,NU14,NZ14,OE14) -> 182408 | OJ14: =(OI14/MS14)*100 -> 6.1825885 | OK14: =SUM(MT14,MO14,MJ14,ME14,LZ14,MY14,ND14,NI14,NN14,NS14,NX14,OC14) -> 2481328 | OL14: =SUM(MU14,MP14,MK14,MF14,MA14,MZ14,NE14,NJ14,NO14,NT14,NY14,OD14) -> 2388493 | OM14: =SUM(MV14,MQ14,ML14,MG14,MB14,NA14,NF14,NK14,NP14,NU14,NZ14,OE14) -> 92835 | ON14: =OM14/(OB14-OM14)*100 -> 3.0538602
B15: Comércio; reparação de veículos automotores e motocicletas | C15: =G15-J15 -> 8571299 | D15: 308116 | E15: 361605 | F15: -53489 | G15: =L15-O15 -> 8577542 | H15: 333131 | I15: 326888 | J15: 6243 | K15: =(J15/C15)*100 -> 0.072836101 | L15: =Q15-T15 -> 8504815 | M15: 311296 | N15: 384023 | O15: -72727 | P15: =(O15/G15)*100 -> -0.84787693 | Q15: =V15-Y15 -> 8261618 | R15: 116937 | S15: 360134 | T15: -243197 | U15: =(T15/L15)*100 -> -2.8595213 | V15: =AA15-AD15 -> 8167344 | W15: 144197 | X15: 238471 | Y15: -94274 | Z15: =(Y15/Q15)*100 -> -1.1411082 | AA15: =AF15-AI15 -> 8147545 | AB15: 191301 | AC15: 211100 | AD15: -19799 | AE15: =(AD15/V15)*100 -> -0.24241663 | AF15: =AK15-AN15 -> 8173686 | AG15: 245220 | AH15: 219079 | AI15: 26141 | AJ15: =(AI15/AA15)*100 -> 0.32084511 | AK15: =AP15-AS15 -> 8221356 | AL15: 279049 | AM15: 231379 | AN15: 47670 | AO15: =(AN15/AF15)*100 -> 0.58321301 | AP15: =AU15-AX15 -> 8290417 | AQ15: 324027 | AR15: 254966 | AS15: 69061 | AT15: =(AS15/AK15)*100 -> 0.84001958 | AU15: =AZ15-BC15 -> 8404599 | AV15: 397125 | AW15: 282943 | AX15: 114182 | AY15: =(AX15/AP15)*100 -> 1.3772769 | AZ15: =BE15-BH15 -> 8582034 | BA15: 436572 | BB15: 259137 | BC15: 177435 | BD15: =(BC15/AU15)*100 -> 2.1111656 | BE15: =BJ15-BM15 -> 8641186 | BF15: 360180 | BG15: 301028 | BH15: 59152 | BI15: =(BH15/AZ15)*100 -> 0.68925385 | BJ15: =BO15-BR15 -> 8648158 | BK15: 343287 | BL15: 336315 | BM15: 6972 | BN15: =(BM15/BE15)*100 -> 0.080683369 | BO15: =BT15-BW15 -> 8714094 | BP15: 386423 | BQ15: 320487 | BR15: 65936 | BS15: =(BR15/BJ15)*100 -> 0.76242825 | BT15: =BY15-CB15 -> 8728230 | BU15: 352666 | BV15: 338530 | BW15: 14136 | BX15: =(BW15/BO15)*100 -> 0.16221996 | BY15: =CD15-CG15 -> 8735015 | BZ15: 297448 | CA15: 290663 | CB15: 6785 | CC15: =(CB15/BT15)*100 -> 0.077736265 | CD15: =CI15-CL15 -> 8794544 | CE15: 353869 | CF15: 294340 | CG15: 59529 | CH15: =(CG15/BY15)*100 -> 0.68149854 | CI15: =CN15-CQ15 -> 8867019 | CJ15: 378302 | CK15: 305827 | CL15: 72475 | CM15: =(CL15/CD15)*100 -> 0.82409048 | CN15: =CS15-CV15 -> 8941599 | CO15: 390197 | CP15: 315617 | CQ15: 74580 | CR15: =(CQ15/CI15)*100 -> 0.8410944 | CS15: =CX15-DA15 -> 9019288 | CT15: 417484 | CU15: 339795 | CV15: 77689 | CW15: =(CV15/CN15)*100 -> 0.86884907 | CX15: =DC15-DF15 -> 9079683 | CY15: 418178 | CZ15: 357783 | DA15: 60395 | DB15: =(DA15/CS15)*100 -> 0.66962048 | DC15: =DH15-DK15 -> 9150038 | DD15: 433236 | DE15: 362881 | DF15: 70355 | DG15: =(DF15/CX15)*100 -> 0.77486185 | DH15: =DM15-DP15 -> 9289325 | DI15: 475000 | DJ15: 335713 | DK15: 139287 | DL15: =(DK15/DC15)*100 -> 1.522256 | DM15: =DR15-DU15 -> 9298338 | DN15: 390748 | DO15: 381735 | DP15: 9013 | DQ15: =(DP15/DH15)*100 -> 0.097025349 | DR15: =DW15-DZ15 -> 9238250 | DS15: 368425 | DT15: 428513 | DU15: -60088 | DV15: =(DU15/DM15)*100 -> -0.64622301 | DW15: =EB15-EE15 -> 9251469 | DX15: 428466 | DY15: 415247 | DZ15: 13219 | EA15: =(DZ15/DR15)*100 -> 0.14308987 | EB15: =EG15-EJ15 -> 9251821 | EC15: 435469 | ED15: 435117 | EE15: 352 | EF15: =(EE15/DW15)*100 -> 0.0038048012 | EG15: =EL15-EO15 -> 9281082 | EH15: 423529 | EI15: 394268 | EJ15: 29261 | EK15: =(EJ15/EB15)*100 -> 0.31627287 | EL15: =EQ15-ET15 -> 9328639 | EM15: 448810 | EN15: 401253 | EO15: 47557 | EP15: =(EO15/EG15)*100 -> 0.51240793 | EQ15: =EV15-EY15 -> 9375815 | ER15: 436638 | ES15: 389462 | ET15: 47176 | EU15: =(ET15/EL15)*100 -> 0.5057115 | EV15: =FA15-FD15 -> 9414389 | EW15: 437488 | EX15: 398914 | EY15: 38574 | EZ15: =(EY15/EQ15)*100 -> 0.41142023 | FA15: =FF15-FI15 -> 9456275 | FB15: 466529 | FC15: 424643 | FD15: 41886 | FE15: =(FD15/EV15)*100 -> 0.44491469 | FF15: =FK15-FN15 -> 9514249 | FG15: 451905 | FH15: 393931 | FI15: 57974 | FJ15: =(FI15/FA15)*100 -> 0.61307439 | FK15: =FP15-FS15 -> 9563605 | FL15: 443634 | FM15: 394278 | FN15: 49356 | FO15: =(FN15/FF15)*100 -> 0.51875876 | FP15: =FU15-FX15 -> 9669574 | FQ15: 476560 | FR15: 370591 | FS15: 105969 | FT15: =(FS15/FK15)*100 -> 1.1080445 | FU15: =FZ15-GC15 -> 9652299 | FV15: 387648 | FW15: 404923 | FX15: -17275 | FY15: =(FX15/FP15)*100 -> -0.17865317 | FZ15: =GE15-GH15 -> 9598775 | GA15: 401624 | GB15: 455148 | GC15: -53524 | GD15: =(GC15/FU15)*100 -> -0.55452074 | GE15: =GJ15-GM15 -> 9597450 | GF15: 419008 | GG15: 420333 | GH15: -1325 | GI15: =(GH15/FZ15)*100 -> -0.013803845 | GJ15: =GO15-GR15 -> 9616005 | GK15: 492497 | GL15: 473942 | GM15: 18555 | GN15: =(GM15/GE15)*100 -> 0.1933326 | GO15: =GT15-GW15 -> 9643564 | GP15: 423690 | GQ15: 396131 | GR15: 27559 | GS15: =(GR15/GJ15)*100 -> 0.28659511 | GT15: =GY15-HB15 -> 9658976 | GU15: 449993 | GV15: 434581 | GW15: 15412 | GX15: =(GW15/GO15)*100 -> 0.15981643 | GY15: =HD15-HG15 -> 9679530 | GZ15: 439553 | HA15: 418999 | HB15: 20554 | HC15: =(HB15/GT15)*100 -> 0.21279688 | HD15: =HI15-HL15 -> 9706274 | HE15: 436119 | HF15: 409375 | HG15: 26744 | HH15: =(HG15/GY15)*100 -> 0.27629441 | HI15: =HN15-HQ15 -> 9748117 | HJ15: 483899 | HK15: 442056 | HL15: 41843 | HM15: =(HL15/HD15)*100 -> 0.4310923 | HN15: =HS15-HV15 -> 9791582 | HO15: 454280 | HP15: 410815 | HQ15: 43465 | HR15: =(HQ15/HI15)*100 -> 0.44588098 | HS15: =HX15-IA15 -> 9841229 | HT15: 474062 | HU15: 424415 | HV15: 49647 | HW15: =(HV15/HN15)*100 -> 0.50703758 | HX15: =IC15-IF15 -> 9929935 | HY15: 502406 | HZ15: 413700 | IA15: 88706 | IB15: =(IA15/HS15)*100 -> 0.90137116 | IC15: =IH15-IK15 -> 9921986 | ID15: 420581 | IE15: 428530 | IF15: -7949 | IG15: =(IF15/HX15)*100 -> -0.080050876 | IH15: =IM15-IP15 -> 9883774 | II15: 447139 | IJ15: 485351 | IK15: -38212 | IL15: =(IK15/IC15)*100 -> -0.38512451 | IM15: =IR15-IU15 -> 9903498 | IN15: 495449 | IO15: 475725 | IP15: 19724 | IQ15: =(IP15/IH15)*100 -> 0.1995594 | IR15: =IW15-IZ15 -> 9940991 | IS15: 519886 | IT15: 482393 | IU15: 37493 | IV15: =(IU15/IM15)*100 -> 0.37858341 | IW15: =JB15-JE15 -> 9968263 | IX15: 512709 | IY15: 485437 | IZ15: 27272 | JA15: =(IZ15/IR15)*100 -> 0.27433885 | JB15: =JG15-JJ15 -> 9974638 | JC15: 478022 | JD15: 471647 | JE15: 6375 | JF15: =(JE15/IW15)*100 -> 0.063952968 | JG15: =JL15-JO15 -> 10008050 | JH15: 479623 | JI15: 446211 | JJ15: 33412 | JK15: =(JJ15/JB15)*100 -> 0.33496955 | JL15: =JQ15-JT15 -> 10041053 | JM15: 503945 | JN15: 470942 | JO15: 33003 | JP15: =(JO15/JG15)*100 -> 0.32976454 | JQ15: =JV15-JY15 -> 10088814 | JR15: 519122 | JS15: 471361 | JT15: 47761 | JU15: =(JT15/JL15)*100 -> 0.47565728 | JV15: =KA15-KD15 -> 10133436 | JW15: 505578 | JX15: 460956 | JY15: 44622 | JZ15: =(JY15/JQ15)*100 -> 0.44229183 | KA15: =KF15-KI15 -> 10177733 | KB15: 543498 | KC15: 499201 | KD15: 44297 | KE15: =(KD15/JV15)*100 -> 0.43713702 | KF15: =KK15-KN15 -> 10272305 | KG15: 529947 | KH15: 435375 | KI15: 94572 | KJ15: =(KI15/KA15)*100 -> 0.92920496 | KK15: =KP15-KS15 -> 10247221 | KL15: 430142 | KM15: 455226 | KN15: -25084 | KO15: =(KN15/KF15)*100 -> -0.24419057 | KP15: =KU15-KX15 -> 10194804 | KQ15: 494527 | KR15: 546944 | KS15: -52417 | KT15: =(KS15/KK15)*100 -> -0.51152405 | KU15: =KZ15-LC15 -> 10241391 | KV15: 567937 | KW15: 521350 | KX15: 46587 | KY15: =(KX15/KP15)*100 -> 0.45696808 | KZ15: =LE15-LH15 -> 10231081 | LA15: 513006 | LB15: 523316 | LC15: -10310 | LD15: =(LC15/KU15)*100 -> -0.10066992 | LE15: =LJ15-LM15 -> 10279121 | LF15: 531662 | LG15: 483622 | LH15: 48040 | LI15: =(LH15/KZ15)*100 -> 0.4695496 | LJ15: =LO15-LR15 -> 10302379 | LK15: 525096 | LL15: 501838 | LM15: 23258 | LN15: =(LM15/LE15)*100 -> 0.22626448 | LO15: =LT15-LW15 -> 10335317 | LP15: 500753 | LQ15: 467815 | LR15: 32938 | LS15: =(LR15/LJ15)*100 -> 0.31971256 | LT15: =LY15-MB15 -> 10362642 | LU15: 526973 | LV15: 499648 | LW15: 27325 | LX15: =(LW15/LO15)*100 -> 0.26438473 | LY15: =MD15-MG15 -> 10395254 | LZ15: 524039 | MA15: 491427 | MB15: 32612 | MC15: =(MB15/LT15)*100 -> 0.31470739 | MD15: =MI15-ML15 -> 10431534 | ME15: 531103 | MF15: 494823 | MG15: 36280 | MH15: =(MG15/LY15)*100 -> 0.34900542 | MI15: =MN15-MQ15 -> 10457126 | MJ15: 547183 | MK15: 521591 | ML15: 25592 | MM15: =(ML15/MD15)*100 -> 0.24533304 | MN15: =MS15-MV15 -> 10535375 | MO15: 517891 | MP15: 439642 | MQ15: 78249 | MR15: =(MQ15/MI15)*100 -> 0.74828399 | MS15: 10481020 | MT15: 424222 | MU15: 478577 | MV15: -54355 | MW15: =(MV15/MN15)*100 -> -0.51592848 | MX15: =MS15+NA15 -> 10424220 | MY15: 483703 | MZ15: 540503 | NA15: -56800 | NB15: -0.52438307 | NC15: =MX15+NF15 -> 10430347 | ND15: 522059 | NE15: 515932 | NF15: 6127 | NG15: =(NF15/NC15)*100 -> 0.058742053 | NH15: =NC15+NK15 -> 10457614 | NI15: 579427 | NJ15: 552160 | NK15: 27267 | NL15: =(NK15/NH15)*100 -> 0.26073825 | NM15: =NH15+NP15 -> 10449500 | NN15: 517595 | NO15: 525709 | NP15: -8114 | NQ15: -0.077553019 | NR15: =NM15+NU15 -> 10449540 | NS15: 502780 | NT15: 502740 | NU15: 40 | NV15: 0.00038260283 | NW15: =NR15+NZ15 -> 10468717 | NX15: 507660 | NY15: 488483 | NZ15: 19177 | OA15: 0.18336581 | OB15: =NW15+OE15 -> 10466661 | OC15: 512969 | OD15: 515025 | OE15: -2056 | OF15: -0.01963 | OG15: =SUM(ND15,MY15,NI15,NN15,NS15,NX15,OC15) -> 3626193 | OH15: =SUM(NE15,MZ15,NJ15,NO15,NT15,NY15,OD15) -> 3640552 | OI15: =SUM(NF15,NA15,NK15,NP15,NU15,NZ15,OE15) -> -14359 | OJ15: =(OI15/MS15)*100 -> -0.13700002 | OK15: =SUM(MT15,MO15,MJ15,ME15,LZ15,MY15,ND15,NI15,NN15,NS15,NX15,OC15) -> 6170631 | OL15: =SUM(MU15,MP15,MK15,MF15,MA15,MZ15,NE15,NJ15,NO15,NT15,NY15,OD15) -> 6066612 | OM15: =SUM(MV15,MQ15,ML15,MG15,MB15,NA15,NF15,NK15,NP15,NU15,NZ15,OE15) -> 104019 | ON15: =OM15/(OB15-OM15)*100 -> 1.0037884
B16: Serviços | C16: =G16-J16 -> 18062301 | D16: =SUM(D17,D18,D19,D25,D29,D30) -> 623420 | E16: =SUM(E17,E18,E19,E25,E29,E30) -> 580953 | F16: =SUM(F17,F18,F19,F25,F29,F30) -> 42467 | G16: =L16-O16 -> 18189786 | H16: =SUM(H17,H18,H19,H25,H29,H30) -> 692857 | I16: =SUM(I17,I18,I19,I25,I29,I30) -> 565372 | J16: =SUM(J17,J18,J19,J25,J29,J30) -> 127485 | K16: =(J16/C16)*100 -> 0.70580708 | L16: =Q16-T16 -> 18081564 | M16: =SUM(M17,M18,M19,M25,M29,M30) -> 616417 | N16: =SUM(N17,N18,N19,N25,N29,N30) -> 724639 | O16: =SUM(O17,O18,O19,O25,O29,O30) -> -108222 | P16: =(O16/G16)*100 -> -0.59496027 | Q16: =V16-Y16 -> 17702533 | R16: =SUM(R17,R18,R19,R25,R29,R30) -> 292663 | S16: =SUM(S17,S18,S19,S25,S29,S30) -> 671694 | T16: =SUM(T17,T18,T19,T25,T29,T30) -> -379031 | U16: =(T16/L16)*100 -> -2.0962291 | V16: =AA16-AD16 -> 17549549 | W16: =SUM(W17,W18,W19,W25,W29,W30) -> 312966 | X16: =SUM(X17,X18,X19,X25,X29,X30) -> 465950 | Y16: =SUM(Y17,Y18,Y19,Y25,Y29,Y30) -> -152984 | Z16: =(Y16/Q16)*100 -> -0.86419271 | AA16: =AF16-AI16 -> 17497909 | AB16: =SUM(AB17,AB18,AB19,AB25,AB29,AB30) -> 373990 | AC16: =SUM(AC17,AC18,AC19,AC25,AC29,AC30) -> 425630 | AD16: =SUM(AD17,AD18,AD19,AD25,AD29,AD30) -> -51640 | AE16: =(AD16/V16)*100 -> -0.29425258 | AF16: =AK16-AN16 -> 17477516 | AG16: =SUM(AG17,AG18,AG19,AG25,AG29,AG30) -> 394306 | AH16: =SUM(AH17,AH18,AH19,AH25,AH29,AH30) -> 414699 | AI16: =SUM(AI17,AI18,AI19,AI25,AI29,AI30) -> -20393 | AJ16: =(AI16/AA16)*100 -> -0.11654535 | AK16: =AP16-AS16 -> 17513606 | AL16: =SUM(AL17,AL18,AL19,AL25,AL29,AL30) -> 504084 | AM16: =SUM(AM17,AM18,AM19,AM25,AM29,AM30) -> 467994 | AN16: =SUM(AN17,AN18,AN19,AN25,AN29,AN30) -> 36090 | AO16: =(AN16/AF16)*100 -> 0.20649387 | AP16: =AU16-AX16 -> 17593082 | AQ16: =SUM(AQ17,AQ18,AQ19,AQ25,AQ29,AQ30) -> 562870 | AR16: =SUM(AR17,AR18,AR19,AR25,AR29,AR30) -> 483394 | AS16: =SUM(AS17,AS18,AS19,AS25,AS29,AS30) -> 79476 | AT16: =(AS16/AK16)*100 -> 0.45379575 | AU16: =AZ16-BC16 -> 17745476 | AV16: =SUM(AV17,AV18,AV19,AV25,AV29,AV30) -> 665355 | AW16: =SUM(AW17,AW18,AW19,AW25,AW29,AW30) -> 512961 | AX16: =SUM(AX17,AX18,AX19,AX25,AX29,AX30) -> 152394 | AY16: =(AX16/AP16)*100 -> 0.86621548 | AZ16: =BE16-BH16 -> 17921701 | BA16: =SUM(BA17,BA18,BA19,BA25,BA29,BA30) -> 666171 | BB16: =SUM(BB17,BB18,BB19,BB25,BB29,BB30) -> 489946 | BC16: =SUM(BC17,BC18,BC19,BC25,BC29,BC30) -> 176225 | BD16: =(BC16/AU16)*100 -> 0.99307001 | BE16: =BJ16-BM16 -> 17891459 | BF16: =SUM(BF17,BF18,BF19,BF25,BF29,BF30) -> 581395 | BG16: =SUM(BG17,BG18,BG19,BG25,BG29,BG30) -> 611637 | BH16: =SUM(BH17,BH18,BH19,BH25,BH29,BH30) -> -30242 | BI16: =(BH16/AZ16)*100 -> -0.16874514 | BJ16: =BO16-BR16 -> 17973487 | BK16: =SUM(BK17,BK18,BK19,BK25,BK29,BK30) -> 663411 | BL16: =SUM(BL17,BL18,BL19,BL25,BL29,BL30) -> 581383 | BM16: =SUM(BM17,BM18,BM19,BM25,BM29,BM30) -> 82028 | BN16: =(BM16/BE16)*100 -> 0.45847575 | BO16: =BT16-BW16 -> 18145394 | BP16: =SUM(BP17,BP18,BP19,BP25,BP29,BP30) -> 752507 | BQ16: =SUM(BQ17,BQ18,BQ19,BQ25,BQ29,BQ30) -> 580600 | BR16: =SUM(BR17,BR18,BR19,BR25,BR29,BR30) -> 171907 | BS16: =(BR16/BJ16)*100 -> 0.95644768 | BT16: =BY16-CB16 -> 18237979 | BU16: =SUM(BU17,BU18,BU19,BU25,BU29,BU30) -> 727952 | BV16: =SUM(BV17,BV18,BV19,BV25,BV29,BV30) -> 635367 | BW16: =SUM(BW17,BW18,BW19,BW25,BW29,BW30) -> 92585 | BX16: =(BW16/BO16)*100 -> 0.51023968 | BY16: =CD16-CG16 -> 18292234 | BZ16: =SUM(BZ17,BZ18,BZ19,BZ25,BZ29,BZ30) -> 622410 | CA16: =SUM(CA17,CA18,CA19,CA25,CA29,CA30) -> 568155 | CB16: =SUM(CB17,CB18,CB19,CB25,CB29,CB30) -> 54255 | CC16: =(CB16/BT16)*100 -> 0.29748362 | CD16: =CI16-CL16 -> 18401696 | CE16: =SUM(CE17,CE18,CE19,CE25,CE29,CE30) -> 681653 | CF16: =SUM(CF17,CF18,CF19,CF25,CF29,CF30) -> 572191 | CG16: =SUM(CG17,CG18,CG19,CG25,CG29,CG30) -> 109462 | CH16: =(CG16/BY16)*100 -> 0.59840695 | CI16: =CN16-CQ16 -> 18527426 | CJ16: =SUM(CJ17,CJ18,CJ19,CJ25,CJ29,CJ30) -> 702723 | CK16: =SUM(CK17,CK18,CK19,CK25,CK29,CK30) -> 576993 | CL16: =SUM(CL17,CL18,CL19,CL25,CL29,CL30) -> 125730 | CM16: =(CL16/CD16)*100 -> 0.68325224 | CN16: =CS16-CV16 -> 18654583 | CO16: =SUM(CO17,CO18,CO19,CO25,CO29,CO30) -> 735236 | CP16: =SUM(CP17,CP18,CP19,CP25,CP29,CP30) -> 608079 | CQ16: =SUM(CQ17,CQ18,CQ19,CQ25,CQ29,CQ30) -> 127157 | CR16: =(CQ16/CI16)*100 -> 0.68631768 | CS16: =CX16-DA16 -> 18834977 | CT16: =SUM(CT17,CT18,CT19,CT25,CT29,CT30) -> 829651 | CU16: =SUM(CU17,CU18,CU19,CU25,CU29,CU30) -> 649257 | CV16: =SUM(CV17,CV18,CV19,CV25,CV29,CV30) -> 180394 | CW16: =(CV16/CN16)*100 -> 0.96702242 | CX16: =DC16-DF16 -> 18980288 | CY16: =SUM(CY17,CY18,CY19,CY25,CY29,CY30) -> 801237 | CZ16: =SUM(CZ17,CZ18,CZ19,CZ25,CZ29,CZ30) -> 655926 | DA16: =SUM(DA17,DA18,DA19,DA25,DA29,DA30) -> 145311 | DB16: =(DA16/CS16)*100 -> 0.7714955 | DC16: =DH16-DK16 -> 19124929 | DD16: =SUM(DD17,DD18,DD19,DD25,DD29,DD30) -> 806916 | DE16: =SUM(DE17,DE18,DE19,DE25,DE29,DE30) -> 662275 | DF16: =SUM(DF17,DF18,DF19,DF25,DF29,DF30) -> 144641 | DG16: =(DF16/CX16)*100 -> 0.76205904 | DH16: =DM16-DP16 -> 19305889 | DI16: =SUM(DI17,DI18,DI19,DI25,DI29,DI30) -> 818202 | DJ16: =SUM(DJ17,DJ18,DJ19,DJ25,DJ29,DJ30) -> 637242 | DK16: =SUM(DK17,DK18,DK19,DK25,DK29,DK30) -> 180960 | DL16: =(DK16/DC16)*100 -> 0.94619959 | DM16: =DR16-DU16 -> 19201219 | DN16: =SUM(DN17,DN18,DN19,DN25,DN29,DN30) -> 703925 | DO16: =SUM(DO17,DO18,DO19,DO25,DO29,DO30) -> 808595 | DP16: =SUM(DP17,DP18,DP19,DP25,DP29,DP30) -> -104670 | DQ16: =(DP16/DH16)*100 -> -0.54216618 | DR16: =DW16-DZ16 -> 19303245 | DS16: =SUM(DS17,DS18,DS19,DS25,DS29,DS30) -> 836171 | DT16: =SUM(DT17,DT18,DT19,DT25,DT29,DT30) -> 734145 | DU16: =SUM(DU17,DU18,DU19,DU25,DU29,DU30) -> 102026 | DV16: =(DU16/DM16)*100 -> 0.53135168 | DW16: =EB16-EE16 -> 19518666 | DX16: =SUM(DX17,DX18,DX19,DX25,DX29,DX30) -> 974963 | DY16: =SUM(DY17,DY18,DY19,DY25,DY29,DY30) -> 759542 | DZ16: =SUM(DZ17,DZ18,DZ19,DZ25,DZ29,DZ30) -> 215421 | EA16: =(DZ16/DR16)*100 -> 1.1159833 | EB16: =EG16-EJ16 -> 19630179 | EC16: =SUM(EC17,EC18,EC19,EC25,EC29,EC30) -> 918976 | ED16: =SUM(ED17,ED18,ED19,ED25,ED29,ED30) -> 807463 | EE16: =SUM(EE17,EE18,EE19,EE25,EE29,EE30) -> 111513 | EF16: =(EE16/DW16)*100 -> 0.57131466 | EG16: =EL16-EO16 -> 19747186 | EH16: =SUM(EH17,EH18,EH19,EH25,EH29,EH30) -> 869424 | EI16: =SUM(EI17,EI18,EI19,EI25,EI29,EI30) -> 752417 | EJ16: =SUM(EJ17,EJ18,EJ19,EJ25,EJ29,EJ30) -> 117007 | EK16: =(EJ16/EB16)*100 -> 0.59605671 | EL16: =EQ16-ET16 -> 19867480 | EM16: =SUM(EM17,EM18,EM19,EM25,EM29,EM30) -> 880415 | EN16: =SUM(EN17,EN18,EN19,EN25,EN29,EN30) -> 760121 | EO16: =SUM(EO17,EO18,EO19,EO25,EO29,EO30) -> 120294 | EP16: =(EO16/EG16)*100 -> 0.60917034 | EQ16: =EV16-EY16 -> 19992014 | ER16: =SUM(ER17,ER18,ER19,ER25,ER29,ER30) -> 853671 | ES16: =SUM(ES17,ES18,ES19,ES25,ES29,ES30) -> 729137 | ET16: =SUM(ET17,ET18,ET19,ET25,ET29,ET30) -> 124534 | EU16: =(ET16/EL16)*100 -> 0.62682333 | EV16: =FA16-FD16 -> 20073887 | EW16: =SUM(EW17,EW18,EW19,EW25,EW29,EW30) -> 846097 | EX16: =SUM(EX17,EX18,EX19,EX25,EX29,EX30) -> 764224 | EY16: =SUM(EY17,EY18,EY19,EY25,EY29,EY30) -> 81873 | EZ16: =(EY16/EQ16)*100 -> 0.40952852 | FA16: =FF16-FI16 -> 20215000 | FB16: =SUM(FB17,FB18,FB19,FB25,FB29,FB30) -> 946069 | FC16: =SUM(FC17,FC18,FC19,FC25,FC29,FC30) -> 804956 | FD16: =SUM(FD17,FD18,FD19,FD25,FD29,FD30) -> 141113 | FE16: =(FD16/EV16)*100 -> 0.70296799 | FF16: =FK16-FN16 -> 20337562 | FG16: =SUM(FG17,FG18,FG19,FG25,FG29,FG30) -> 871088 | FH16: =SUM(FH17,FH18,FH19,FH25,FH29,FH30) -> 748526 | FI16: =SUM(FI17,FI18,FI19,FI25,FI29,FI30) -> 122562 | FJ16: =(FI16/FA16)*100 -> 0.60629236 | FK16: =FP16-FS16 -> 20428856 | FL16: =SUM(FL17,FL18,FL19,FL25,FL29,FL30) -> 816797 | FM16: =SUM(FM17,FM18,FM19,FM25,FM29,FM30) -> 725503 | FN16: =SUM(FN17,FN18,FN19,FN25,FN29,FN30) -> 91294 | FO16: =(FN16/FF16)*100 -> 0.44889353 | FP16: =FU16-FX16 -> 20521069 | FQ16: =SUM(FQ17,FQ18,FQ19,FQ25,FQ29,FQ30) -> 803557 | FR16: =SUM(FR17,FR18,FR19,FR25,FR29,FR30) -> 711344 | FS16: =SUM(FS17,FS18,FS19,FS25,FS29,FS30) -> 92213 | FT16: =(FS16/FK16)*100 -> 0.45138602 | FU16: =FZ16-GC16 -> 20333005 | FV16: =SUM(FV17,FV18,FV19,FV25,FV29,FV30) -> 664710 | FW16: =SUM(FW17,FW18,FW19,FW25,FW29,FW30) -> 852774 | FX16: =SUM(FX17,FX18,FX19,FX25,FX29,FX30) -> -188064 | FY16: =(FX16/FP16)*100 -> -0.91644349 | FZ16: =GE16-GH16 -> 20373691 | GA16: =SUM(GA17,GA18,GA19,GA25,GA29,GA30) -> 865546 | GB16: =SUM(GB17,GB18,GB19,GB25,GB29,GB30) -> 824860 | GC16: =SUM(GC17,GC18,GC19,GC25,GC29,GC30) -> 40686 | GD16: =(GC16/FU16)*100 -> 0.20009831 | GE16: =GJ16-GM16 -> 20537891 | GF16: =SUM(GF17,GF18,GF19,GF25,GF29,GF30) -> 937170 | GG16: =SUM(GG17,GG18,GG19,GG25,GG29,GG30) -> 772970 | GH16: =SUM(GH17,GH18,GH19,GH25,GH29,GH30) -> 164200 | GI16: =(GH16/FZ16)*100 -> 0.80594135 | GJ16: =GO16-GR16 -> 20660214 | GK16: =SUM(GK17,GK18,GK19,GK25,GK29,GK30) -> 1006970 | GL16: =SUM(GL17,GL18,GL19,GL25,GL29,GL30) -> 884647 | GM16: =SUM(GM17,GM18,GM19,GM25,GM29,GM30) -> 122323 | GN16: =(GM16/GE16)*100 -> 0.59559669 | GO16: =GT16-GW16 -> 20764108 | GP16: =SUM(GP17,GP18,GP19,GP25,GP29,GP30) -> 863267 | GQ16: =SUM(GQ17,GQ18,GQ19,GQ25,GQ29,GQ30) -> 759373 | GR16: =SUM(GR17,GR18,GR19,GR25,GR29,GR30) -> 103894 | GS16: =(GR16/GJ16)*100 -> 0.50286991 | GT16: =GY16-HB16 -> 20848023 | GU16: =SUM(GU17,GU18,GU19,GU25,GU29,GU30) -> 907627 | GV16: =SUM(GV17,GV18,GV19,GV25,GV29,GV30) -> 823712 | GW16: =SUM(GW17,GW18,GW19,GW25,GW29,GW30) -> 83915 | GX16: =(GW16/GO16)*100 -> 0.40413487 | GY16: =HD16-HG16 -> 20924443 | GZ16: =SUM(GZ17,GZ18,GZ19,GZ25,GZ29,GZ30) -> 863581 | HA16: =SUM(HA17,HA18,HA19,HA25,HA29,HA30) -> 787161 | HB16: =SUM(HB17,HB18,HB19,HB25,HB29,HB30) -> 76420 | HC16: =(HB16/GT16)*100 -> 0.36655754 | HD16: =HI16-HL16 -> 20980746 | HE16: =SUM(HE17,HE18,HE19,HE25,HE29,HE30) -> 852396 | HF16: =SUM(HF17,HF18,HF19,HF25,HF29,HF30) -> 796093 | HG16: =SUM(HG17,HG18,HG19,HG25,HG29,HG30) -> 56303 | HH16: =(HG16/GY16)*100 -> 0.26907765 | HI16: =HN16-HQ16 -> 21095185 | HJ16: =SUM(HJ17,HJ18,HJ19,HJ25,HJ29,HJ30) -> 964181 | HK16: =SUM(HK17,HK18,HK19,HK25,HK29,HK30) -> 849742 | HL16: =SUM(HL17,HL18,HL19,HL25,HL29,HL30) -> 114439 | HM16: =(HL16/HD16)*100 -> 0.54544772 | HN16: =HS16-HV16 -> 21193391 | HO16: =SUM(HO17,HO18,HO19,HO25,HO29,HO30) -> 872757 | HP16: =SUM(HP17,HP18,HP19,HP25,HP29,HP30) -> 774551 | HQ16: =SUM(HQ17,HQ18,HQ19,HQ25,HQ29,HQ30) -> 98206 | HR16: =(HQ16/HI16)*100 -> 0.46553751 | HS16: =HX16-IA16 -> 21303330 | HT16: =SUM(HT17,HT18,HT19,HT25,HT29,HT30) -> 896440 | HU16: =SUM(HU17,HU18,HU19,HU25,HU29,HU30) -> 786501 | HV16: =SUM(HV17,HV18,HV19,HV25,HV29,HV30) -> 109939 | HW16: =(HV16/HN16)*100 -> 0.5187419 | HX16: =IC16-IF16 -> 21395950 | HY16: =SUM(HY17,HY18,HY19,HY25,HY29,HY30) -> 860936 | HZ16: =SUM(HZ17,HZ18,HZ19,HZ25,HZ29,HZ30) -> 768316 | IA16: =SUM(IA17,IA18,IA19,IA25,IA29,IA30) -> 92620 | IB16: =(IA16/HS16)*100 -> 0.43476771 | IC16: =IH16-IK16 -> 21214041 | ID16: =SUM(ID17,ID18,ID19,ID25,ID29,ID30) -> 730726 | IE16: =SUM(IE17,IE18,IE19,IE25,IE29,IE30) -> 912635 | IF16: =SUM(IF17,IF18,IF19,IF25,IF29,IF30) -> -181909 | IG16: =(IF16/HX16)*100 -> -0.85020296 | IH16: =IM16-IP16 -> 21294628 | II16: 954061 | IJ16: 873474 | IK16: 80587 | IL16: =(IK16/IC16)*100 -> 0.37987576 | IM16: =IR16-IU16 -> 21487755 | IN16: 1073482 | IO16: 880355 | IP16: 193127 | IQ16: =(IP16/IH16)*100 -> 0.90692826 | IR16: =IW16-IZ16 -> 21636477 | IS16: 1066667 | IT16: 917945 | IU16: 148722 | IV16: =(IU16/IM16)*100 -> 0.69212442 | IW16: =JB16-JE16 -> 21774786 | IX16: 1052520 | IY16: 914211 | IZ16: 138309 | JA16: =(IZ16/IR16)*100 -> 0.63923993 | JB16: =JG16-JJ16 -> 21844095 | JC16: 977552 | JD16: 908243 | JE16: 69309 | JF16: =(JE16/IW16)*100 -> 0.31829934 | JG16: =JL16-JO16 -> 21931803 | JH16: 951259 | JI16: 863551 | JJ16: 87708 | JK16: =(JJ16/JB16)*100 -> 0.40151812 | JL16: =JQ16-JT16 -> 22010970 | JM16: 1006902 | JN16: 927735 | JO16: 79167 | JP16: =(JO16/JG16)*100 -> 0.36096895 | JQ16: =JV16-JY16 -> 22129334 | JR16: 1037277 | JS16: 918913 | JT16: 118364 | JU16: =(JT16/JL16)*100 -> 0.53775004 | JV16: =KA16-KD16 -> 22257688 | JW16: 1009581 | JX16: 881227 | JY16: 128354 | JZ16: =(JY16/JQ16)*100 -> 0.58001746 | KA16: =KF16-KI16 -> 22328905 | KB16: 1032473 | KC16: 961256 | KD16: 71217 | KE16: =(KD16/JV16)*100 -> 0.31996585 | KF16: =KK16-KN16 -> 22396622 | KG16: 921259 | KH16: 853542 | KI16: 67717 | KJ16: =(KI16/KA16)*100 -> 0.30327058 | KK16: =KP16-KS16 -> 22138919 | KL16: 745347 | KM16: 1003050 | KN16: -257703 | KO16: =(KN16/KF16)*100 -> -1.1506333 | KP16: =KU16-KX16 -> 22184084 | KQ16: 1048662 | KR16: 1003497 | KS16: 45165 | KT16: =(KS16/KK16)*100 -> 0.20400725 | KU16: =KZ16-LC16 -> 22438896 | KV16: 1243562 | KW16: 988750 | KX16: 254812 | KY16: =(KX16/KP16)*100 -> 1.1486253 | KZ16: =LE16-LH16 -> 22491355 | LA16: 1047630 | LB16: 995171 | LC16: 52459 | LD16: =(LC16/KU16)*100 -> 0.23378601 | LE16: =LJ16-LM16 -> 22627464 | LF16: 1062130 | LG16: 926021 | LH16: 136109 | LI16: =(LH16/KZ16)*100 -> 0.60516141 | LJ16: =LO16-LR16 -> 22697603 | LK16: 1041228 | LL16: 971089 | LM16: 70139 | LN16: =(LM16/LE16)*100 -> 0.30997287 | LO16: =LT16-LW16 -> 22774660 | LP16: 992540 | LQ16: 915483 | LR16: 77057 | LS16: =(LR16/LJ16)*100 -> 0.339494 | LT16: =LY16-MB16 -> 22824819 | LU16: 1040864 | LV16: 990705 | LW16: 50159 | LX16: =(LW16/LO16)*100 -> 0.22024039 | LY16: =MD16-MG16 -> 22905821 | LZ16: 1056040 | MA16: 975038 | MB16: 81002 | MC16: =(MB16/LT16)*100 -> 0.35488562 | MD16: =MI16-ML16 -> 23012427 | ME16: 1081255 | MF16: 974649 | MG16: 106606 | MH16: =(MG16/LY16)*100 -> 0.46541008 | MI16: =MN16-MQ16 -> 23094863 | MJ16: 1087847 | MK16: 1005411 | ML16: 82436 | MM16: =(ML16/MD16)*100 -> 0.35822384 | MN16: =MS16-MV16 -> 23169994 | MO16: 945643 | MP16: 870512 | MQ16: 75131 | MR16: =(MQ16/MI16)*100 -> 0.32531477 | MS16: 22889184 | MT16: 760341 | MU16: 1041151 | MV16: -280810 | MW16: =(MV16/MN16)*100 -> -1.2119554 | MX16: =MS16+NA16 -> 22929709 | MY16: 1032076 | MZ16: 991551 | NA16: 40525 | NB16: 0.1704011 | NC16: =MX16+NF16 -> 23107662 | ND16: 1172438 | NE16: 994485 | NF16: 177953 | NG16: =(NF16/NC16)*100 -> 0.77010387 | NH16: =NC16+NK16 -> 23260053 | NI16: 1214329 | NJ16: 1061938 | NK16: 152391 | NL16: =(NK16/NH16)*100 -> 0.65516188 | NM16: =NH16+NP16 -> 23329654 | NN16: 1086472 | NO16: 1016871 | NP16: 69601 | NQ16: 0.29908156 | NR16: =NM16+NU16 -> 23375309 | NS16: 1047797 | NT16: 1002142 | NU16: 45655 | NV16: 0.19562981 | NW16: =NR16+NZ16 -> 23449823 | NX16: 1057527 | NY16: 983013 | NZ16: 74514 | OA16: 0.31861842 | OB16: =NW16+OE16 -> 23473921 | OC16: 1075407 | OD16: 1051309 | OE16: 24098 | OF16: 0.102734 | OG16: =SUM(ND16,MY16,NI16,NN16,NS16,NX16,OC16) -> 7686046 | OH16: =SUM(NE16,MZ16,NJ16,NO16,NT16,NY16,OD16) -> 7101309 | OI16: =SUM(NF16,NA16,NK16,NP16,NU16,NZ16,OE16) -> 584737 | OJ16: =(OI16/MS16)*100 -> 2.5546433 | OK16: =SUM(MT16,MO16,MJ16,ME16,LZ16,MY16,ND16,NI16,NN16,NS16,NX16,OC16) -> 12617172 | OL16: =SUM(MU16,MP16,MK16,MF16,MA16,MZ16,NE16,NJ16,NO16,NT16,NY16,OD16) -> 11968070 | OM16: =SUM(MV16,MQ16,ML16,MG16,MB16,NA16,NF16,NK16,NP16,NU16,NZ16,OE16) -> 649102 | ON16: =OM16/(OB16-OM16)*100 -> 2.8438429
B17: Transporte, armazenagem e correio | C17: =G17-J17 -> 2351048 | D17: 65619 | E17: 67714 | F17: -2095 | G17: =L17-O17 -> 2359297 | H17: 75198 | I17: 66949 | J17: 8249 | K17: =(J17/C17)*100 -> 0.35086481 | L17: =Q17-T17 -> 2353847 | M17: 73853 | N17: 79303 | O17: -5450 | P17: =(O17/G17)*100 -> -0.23100101 | Q17: =V17-Y17 -> 2301093 | R17: 36059 | S17: 88813 | T17: -52754 | U17: =(T17/L17)*100 -> -2.2411822 | V17: =AA17-AD17 -> 2273280 | W17: 36190 | X17: 64003 | Y17: -27813 | Z17: =(Y17/Q17)*100 -> -1.2086865 | AA17: =AF17-AI17 -> 2264430 | AB17: 47990 | AC17: 56840 | AD17: -8850 | AE17: =(AD17/V17)*100 -> -0.38930532 | AF17: =AK17-AN17 -> 2260971 | AG17: 60111 | AH17: 63570 | AI17: -3459 | AJ17: =(AI17/AA17)*100 -> -0.15275367 | AK17: =AP17-AS17 -> 2260540 | AL17: 65228 | AM17: 65659 | AN17: -431 | AO17: =(AN17/AF17)*100 -> -0.019062606 | AP17: =AU17-AX17 -> 2270848 | AQ17: 74279 | AR17: 63971 | AS17: 10308 | AT17: =(AS17/AK17)*100 -> 0.45599724 | AU17: =AZ17-BC17 -> 2287809 | AV17: 84679 | AW17: 67718 | AX17: 16961 | AY17: =(AX17/AP17)*100 -> 0.7469016 | AZ17: =BE17-BH17 -> 2305711 | BA17: 84360 | BB17: 66458 | BC17: 17902 | BD17: =(BC17/AU17)*100 -> 0.78249539 | BE17: =BJ17-BM17 -> 2302745 | BF17: 67425 | BG17: 70391 | BH17: -2966 | BI17: =(BH17/AZ17)*100 -> -0.12863711 | BJ17: =BO17-BR17 -> 2303327 | BK17: 70636 | BL17: 70054 | BM17: 582 | BN17: =(BM17/BE17)*100 -> 0.025274184 | BO17: =BT17-BW17 -> 2314288 | BP17: 85014 | BQ17: 74053 | BR17: 10961 | BS17: =(BR17/BJ17)*100 -> 0.47587685 | BT17: =BY17-CB17 -> 2327575 | BU17: 87952 | BV17: 74665 | BW17: 13287 | BX17: =(BW17/BO17)*100 -> 0.57412906 | BY17: =CD17-CG17 -> 2331978 | BZ17: 77887 | CA17: 73484 | CB17: 4403 | CC17: =(CB17/BT17)*100 -> 0.18916684 | CD17: =CI17-CL17 -> 2339233 | CE17: 79296 | CF17: 72041 | CG17: 7255 | CH17: =(CG17/BY17)*100 -> 0.31110928 | CI17: =CN17-CQ17 -> 2351949 | CJ17: 82724 | CK17: 70008 | CL17: 12716 | CM17: =(CL17/CD17)*100 -> 0.54359698 | CN17: =CS17-CV17 -> 2366246 | CO17: 88687 | CP17: 74390 | CQ17: 14297 | CR17: =(CQ17/CI17)*100 -> 0.60787883 | CS17: =CX17-DA17 -> 2384925 | CT17: 94101 | CU17: 75422 | CV17: 18679 | CW17: =(CV17/CN17)*100 -> 0.78939383 | CX17: =DC17-DF17 -> 2402858 | CY17: 96158 | CZ17: 78225 | DA17: 17933 | DB17: =(DA17/CS17)*100 -> 0.7519314 | DC17: =DH17-DK17 -> 2416626 | DD17: 94768 | DE17: 81000 | DF17: 13768 | DG17: =(DF17/CX17)*100 -> 0.57298434 | DH17: =DM17-DP17 -> 2434656 | DI17: 97221 | DJ17: 79191 | DK17: 18030 | DL17: =(DK17/DC17)*100 -> 0.74608152 | DM17: =DR17-DU17 -> 2422695 | DN17: 77707 | DO17: 89668 | DP17: -11961 | DQ17: =(DP17/DH17)*100 -> -0.4912809 | DR17: =DW17-DZ17 -> 2428525 | DS17: 89047 | DT17: 83217 | DU17: 5830 | DV17: =(DU17/DM17)*100 -> 0.2406411 | DW17: =EB17-EE17 -> 2442585 | DX17: 105318 | DY17: 91258 | DZ17: 14060 | EA17: =(DZ17/DR17)*100 -> 0.57895224 | EB17: =EG17-EJ17 -> 2458828 | EC17: 106403 | ED17: 90160 | EE17: 16243 | EF17: =(EE17/DW17)*100 -> 0.66499221 | EG17: =EL17-EO17 -> 2475112 | EH17: 103783 | EI17: 87499 | EJ17: 16284 | EK17: =(EJ17/EB17)*100 -> 0.66226674 | EL17: =EQ17-ET17 -> 2489891 | EM17: 105734 | EN17: 90955 | EO17: 14779 | EP17: =(EO17/EG17)*100 -> 0.59710429 | EQ17: =EV17-EY17 -> 2506642 | ER17: 102200 | ES17: 85449 | ET17: 16751 | EU17: =(ET17/EL17)*100 -> 0.67276037 | EV17: =FA17-FD17 -> 2520035 | EW17: 98793 | EX17: 85400 | EY17: 13393 | EZ17: =(EY17/EQ17)*100 -> 0.53430047 | FA17: =FF17-FI17 -> 2534153 | FB17: 106405 | FC17: 92287 | FD17: 14118 | FE17: =(FD17/EV17)*100 -> 0.56023031 | FF17: =FK17-FN17 -> 2550022 | FG17: 99479 | FH17: 83610 | FI17: 15869 | FJ17: =(FI17/FA17)*100 -> 0.62620528 | FK17: =FP17-FS17 -> 2560451 | FL17: 94465 | FM17: 84036 | FN17: 10429 | FO17: =(FN17/FF17)*100 -> 0.40897686 | FP17: =FU17-FX17 -> 2571472 | FQ17: 94681 | FR17: 83660 | FS17: 11021 | FT17: =(FS17/FK17)*100 -> 0.43043198 | FU17: =FZ17-GC17 -> 2552487 | FV17: 74863 | FW17: 93848 | FX17: -18985 | FY17: =(FX17/FP17)*100 -> -0.73829309 | FZ17: =GE17-GH17 -> 2555175 | GA17: 92909 | GB17: 90221 | GC17: 2688 | GD17: =(GC17/FU17)*100 -> 0.10530906 | GE17: =GJ17-GM17 -> 2571876 | GF17: 105009 | GG17: 88308 | GH17: 16701 | GI17: =(GH17/FZ17)*100 -> 0.65361472 | GJ17: =GO17-GR17 -> 2595298 | GK17: 119912 | GL17: 96490 | GM17: 23422 | GN17: =(GM17/GE17)*100 -> 0.91069709 | GO17: =GT17-GW17 -> 2611403 | GP17: 103011 | GQ17: 86906 | GR17: 16105 | GS17: =(GR17/GJ17)*100 -> 0.62054531 | GT17: =GY17-HB17 -> 2618916 | GU17: 106583 | GV17: 99070 | GW17: 7513 | GX17: =(GW17/GO17)*100 -> 0.28769975 | GY17: =HD17-HG17 -> 2630408 | GZ17: 102395 | HA17: 90903 | HB17: 11492 | HC17: =(HB17/GT17)*100 -> 0.43880751 | HD17: =HI17-HL17 -> 2639312 | HE17: 99317 | HF17: 90413 | HG17: 8904 | HH17: =(HG17/GY17)*100 -> 0.33850262 | HI17: =HN17-HQ17 -> 2652079 | HJ17: 109438 | HK17: 96671 | HL17: 12767 | HM17: =(HL17/HD17)*100 -> 0.48372455 | HN17: =HS17-HV17 -> 2665421 | HO17: 101216 | HP17: 87874 | HQ17: 13342 | HR17: =(HQ17/HI17)*100 -> 0.50307702 | HS17: =HX17-IA17 -> 2680939 | HT17: 105644 | HU17: 90126 | HV17: 15518 | HW17: =(HV17/HN17)*100 -> 0.58219696 | HX17: =IC17-IF17 -> 2692563 | HY17: 101199 | HZ17: 89575 | IA17: 11624 | IB17: =(IA17/HS17)*100 -> 0.43357943 | IC17: =IH17-IK17 -> 2667564 | ID17: 80217 | IE17: 105216 | IF17: -24999 | IG17: =(IF17/HX17)*100 -> -0.92844624 | IH17: =IM17-IP17 -> 2671860 | II17: 103351 | IJ17: 99055 | IK17: 4296 | IL17: =(IK17/IC17)*100 -> 0.16104581 | IM17: =IR17-IU17 -> 2692615 | IN17: 121838 | IO17: 101083 | IP17: 20755 | IQ17: =(IP17/IH17)*100 -> 0.77679968 | IR17: =IW17-IZ17 -> 2719692 | IS17: 127545 | IT17: 100468 | IU17: 27077 | IV17: =(IU17/IM17)*100 -> 1.0056024 | IW17: =JB17-JE17 -> 2734009 | IX17: 123773 | IY17: 109456 | IZ17: 14317 | JA17: =(IZ17/IR17)*100 -> 0.5264199 | JB17: =JG17-JJ17 -> 2740506 | JC17: 115015 | JD17: 108518 | JE17: 6497 | JF17: =(JE17/IW17)*100 -> 0.23763638 | JG17: =JL17-JO17 -> 2750860 | JH17: 110126 | JI17: 99772 | JJ17: 10354 | JK17: =(JJ17/JB17)*100 -> 0.37781344 | JL17: =JQ17-JT17 -> 2760857 | JM17: 117601 | JN17: 107604 | JO17: 9997 | JP17: =(JO17/JG17)*100 -> 0.36341362 | JQ17: =JV17-JY17 -> 2777946 | JR17: 123248 | JS17: 106159 | JT17: 17089 | JU17: =(JT17/JL17)*100 -> 0.61897447 | JV17: =KA17-KD17 -> 2791705 | JW17: 116660 | JX17: 102901 | JY17: 13759 | JZ17: =(JY17/JQ17)*100 -> 0.495294 | KA17: =KF17-KI17 -> 2799569 | KB17: 121448 | KC17: 113584 | KD17: 7864 | KE17: =(KD17/JV17)*100 -> 0.28169165 | KF17: =KK17-KN17 -> 2806833 | KG17: 107820 | KH17: 100556 | KI17: 7264 | KJ17: =(KI17/KA17)*100 -> 0.25946851 | KK17: =KP17-KS17 -> 2780146 | KL17: 86643 | KM17: 113330 | KN17: -26687 | KO17: =(KN17/KF17)*100 -> -0.95078688 | KP17: =KU17-KX17 -> 2780226 | KQ17: 112769 | KR17: 112689 | KS17: 80 | KT17: =(KS17/KK17)*100 -> 0.0028775467 | KU17: =KZ17-LC17 -> 2806450 | KV17: 140184 | KW17: 113960 | KX17: 26224 | KY17: =(KX17/KP17)*100 -> 0.94323267 | KZ17: =LE17-LH17 -> 2819629 | LA17: 121909 | LB17: 108730 | LC17: 13179 | LD17: =(LC17/KU17)*100 -> 0.46959682 | LE17: =LJ17-LM17 -> 2838401 | LF17: 129467 | LG17: 110695 | LH17: 18772 | LI17: =(LH17/KZ17)*100 -> 0.66576135 | LJ17: =LO17-LR17 -> 2844195 | LK17: 124473 | LL17: 118679 | LM17: 5794 | LN17: =(LM17/LE17)*100 -> 0.20412901 | LO17: =LT17-LW17 -> 2853218 | LP17: 117735 | LQ17: 108712 | LR17: 9023 | LS17: =(LR17/LJ17)*100 -> 0.31724266 | LT17: =LY17-MB17 -> 2864886 | LU17: 125320 | LV17: 113652 | LW17: 11668 | LX17: =(LW17/LO17)*100 -> 0.40894176 | LY17: =MD17-MG17 -> 2875034 | LZ17: 120586 | MA17: 110438 | MB17: 10148 | MC17: =(MB17/LT17)*100 -> 0.35422003 | MD17: =MI17-ML17 -> 2889139 | ME17: 125484 | MF17: 111379 | MG17: 14105 | MH17: =(MG17/LY17)*100 -> 0.49060289 | MI17: =MN17-MQ17 -> 2899296 | MJ17: 128042 | MK17: 117885 | ML17: 10157 | MM17: =(ML17/MD17)*100 -> 0.35155802 | MN17: =MS17-MV17 -> 2905705 | MO17: 110697 | MP17: 104288 | MQ17: 6409 | MR17: =(MQ17/MI17)*100 -> 0.22105366 | MS17: 2875067 | MT17: 86090 | MU17: 116728 | MV17: -30638 | MW17: =(MV17/MN17)*100 -> -1.0544085 | MX17: =MS17+NA17 -> 2870687 | MY17: 110398 | MZ17: 114778 | NA17: -4380 | NB17: -0.15067764 | NC17: =MX17+NF17 -> 2888573 | ND17: 131370 | NE17: 113484 | NF17: 17886 | NG17: =(NF17/NC17)*100 -> 0.61919848 | NH17: =NC17+NK17 -> 2913967 | NI17: 144997 | NJ17: 119603 | NK17: 25394 | NL17: =(NK17/NH17)*100 -> 0.87145805 | NM17: =NH17+NP17 -> 2926202 | NN17: 135342 | NO17: 123107 | NP17: 12235 | NQ17: 0.41983545 | NR17: =NM17+NU17 -> 2932429 | NS17: 129015 | NT17: 122788 | NU17: 6227 | NV17: 0.21281613 | NW17: =NR17+NZ17 -> 2948646 | NX17: 133884 | NY17: 117667 | NZ17: 16217 | OA17: 0.55294961 | OB17: =NW17+OE17 -> 2963868 | OC17: 137564 | OD17: 122342 | OE17: 15222 | OF17: 0.516246 | OG17: =SUM(ND17,MY17,NI17,NN17,NS17,NX17,OC17) -> 922570 | OH17: =SUM(NE17,MZ17,NJ17,NO17,NT17,NY17,OD17) -> 833769 | OI17: =SUM(NF17,NA17,NK17,NP17,NU17,NZ17,OE17) -> 88801 | OJ17: =(OI17/MS17)*100 -> 3.0886585 | OK17: =SUM(MT17,MO17,MJ17,ME17,LZ17,MY17,ND17,NI17,NN17,NS17,NX17,OC17) -> 1493469 | OL17: =SUM(MU17,MP17,MK17,MF17,MA17,MZ17,NE17,NJ17,NO17,NT17,NY17,OD17) -> 1394487 | OM17: =SUM(MV17,MQ17,ML17,MG17,MB17,NA17,NF17,NK17,NP17,NU17,NZ17,OE17) -> 98982 | ON17: =OM17/(OB17-OM17)*100 -> 3.4550066
B18: Alojamento e alimentação | C18: =G18-J18 -> 1866383 | D18: 93304 | E18: 90524 | F18: 2780 | G18: =L18-O18 -> 1878073 | H18: 98571 | I18: 86881 | J18: 11690 | K18: =(J18/C18)*100 -> 0.62634518 | L18: =Q18-T18 -> 1796699 | M18: 71103 | N18: 152477 | O18: -81374 | P18: =(O18/G18)*100 -> -4.3328454 | Q18: =V18-Y18 -> 1660297 | R18: 12308 | S18: 148710 | T18: -136402 | U18: =(T18/L18)*100 -> -7.5918114 | V18: =AA18-AD18 -> 1602290 | W18: 14057 | X18: 72064 | Y18: -58007 | Z18: =(Y18/Q18)*100 -> -3.4937725 | AA18: =AF18-AI18 -> 1564186 | AB18: 17676 | AC18: 55780 | AD18: -38104 | AE18: =(AD18/V18)*100 -> -2.3780963 | AF18: =AK18-AN18 -> 1537335 | AG18: 26227 | AH18: 53078 | AI18: -26851 | AJ18: =(AI18/AA18)*100 -> -1.7166117 | AK18: =AP18-AS18 -> 1521398 | AL18: 38785 | AM18: 54722 | AN18: -15937 | AO18: =(AN18/AF18)*100 -> -1.0366641 | AP18: =AU18-AX18 -> 1525737 | AQ18: 55397 | AR18: 51058 | AS18: 4339 | AT18: =(AS18/AK18)*100 -> 0.28519822 | AU18: =AZ18-BC18 -> 1551662 | AV18: 81084 | AW18: 55159 | AX18: 25925 | AY18: =(AX18/AP18)*100 -> 1.6991788 | AZ18: =BE18-BH18 -> 1587369 | BA18: 88563 | BB18: 52856 | BC18: 35707 | BD18: =(BC18/AU18)*100 -> 2.3012099 | BE18: =BJ18-BM18 -> 1610617 | BF18: 81095 | BG18: 57847 | BH18: 23248 | BI18: =(BH18/AZ18)*100 -> 1.4645618 | BJ18: =BO18-BR18 -> 1615335 | BK18: 79572 | BL18: 74854 | BM18: 4718 | BN18: =(BM18/BE18)*100 -> 0.29293122 | BO18: =BT18-BW18 -> 1632181 | BP18: 87386 | BQ18: 70540 | BR18: 16846 | BS18: =(BR18/BJ18)*100 -> 1.0428797 | BT18: =BY18-CB18 -> 1601168 | BU18: 58066 | BV18: 89079 | BW18: -31013 | BX18: =(BW18/BO18)*100 -> -1.9000956 | BY18: =CD18-CG18 -> 1576605 | BZ18: 43690 | CA18: 68253 | CB18: -24563 | CC18: =(CB18/BT18)*100 -> -1.5340676 | CD18: =CI18-CL18 -> 1582647 | CE18: 65911 | CF18: 59869 | CG18: 6042 | CH18: =(CG18/BY18)*100 -> 0.38322852 | CI18: =CN18-CQ18 -> 1600928 | CJ18: 76580 | CK18: 58299 | CL18: 18281 | CM18: =(CL18/CD18)*100 -> 1.1550902 | CN18: =CS18-CV18 -> 1629188 | CO18: 90393 | CP18: 62133 | CQ18: 28260 | CR18: =(CQ18/CI18)*100 -> 1.7652262 | CS18: =CX18-DA18 -> 1662917 | CT18: 109908 | CU18: 76179 | CV18: 33729 | CW18: =(CV18/CN18)*100 -> 2.0702951 | CX18: =DC18-DF18 -> 1694647 | CY18: 111105 | CZ18: 79375 | DA18: 31730 | DB18: =(DA18/CS18)*100 -> 1.9080928 | DC18: =DH18-DK18 -> 1727508 | DD18: 115681 | DE18: 82820 | DF18: 32861 | DG18: =(DF18/CX18)*100 -> 1.9391059 | DH18: =DM18-DP18 -> 1763924 | DI18: 118262 | DJ18: 81846 | DK18: 36416 | DL18: =(DK18/DC18)*100 -> 2.1080076 | DM18: =DR18-DU18 -> 1784031 | DN18: 110965 | DO18: 90858 | DP18: 20107 | DQ18: =(DP18/DH18)*100 -> 1.1399017 | DR18: =DW18-DZ18 -> 1786038 | DS18: 101794 | DT18: 99787 | DU18: 2007 | DV18: =(DU18/DM18)*100 -> 0.11249805 | DW18: =EB18-EE18 -> 1806477 | DX18: 118279 | DY18: 97840 | DZ18: 20439 | EA18: =(DZ18/DR18)*100 -> 1.1443765 | EB18: =EG18-EJ18 -> 1813528 | EC18: 114721 | ED18: 107670 | EE18: 7051 | EF18: =(EE18/DW18)*100 -> 0.39031773 | EG18: =EL18-EO18 -> 1832944 | EH18: 117583 | EI18: 98167 | EJ18: 19416 | EK18: =(EJ18/EB18)*100 -> 1.0706204 | EL18: =EQ18-ET18 -> 1854270 | EM18: 121221 | EN18: 99895 | EO18: 21326 | EP18: =(EO18/EG18)*100 -> 1.1634834 | EQ18: =EV18-EY18 -> 1872028 | ER18: 113188 | ES18: 95430 | ET18: 17758 | EU18: =(ET18/EL18)*100 -> 0.95768146 | EV18: =FA18-FD18 -> 1884461 | EW18: 113707 | EX18: 101274 | EY18: 12433 | EZ18: =(EY18/EQ18)*100 -> 0.66414605 | FA18: =FF18-FI18 -> 1901045 | FB18: 123685 | FC18: 107101 | FD18: 16584 | FE18: =(FD18/EV18)*100 -> 0.88003944 | FF18: =FK18-FN18 -> 1919111 | FG18: 120619 | FH18: 102553 | FI18: 18066 | FJ18: =(FI18/FA18)*100 -> 0.95031943 | FK18: =FP18-FS18 -> 1933706 | FL18: 116772 | FM18: 102177 | FN18: 14595 | FO18: =(FN18/FF18)*100 -> 0.76050838 | FP18: =FU18-FX18 -> 1955177 | FQ18: 118602 | FR18: 97131 | FS18: 21471 | FT18: =(FS18/FK18)*100 -> 1.1103549 | FU18: =FZ18-GC18 -> 1955196 | FV18: 102224 | FW18: 102205 | FX18: 19 | FY18: =(FX18/FP18)*100 -> 0.00097177903 | FZ18: =GE18-GH18 -> 1952844 | GA18: 113539 | GB18: 115891 | GC18: -2352 | GD18: =(GC18/FU18)*100 -> -0.12029485 | GE18: =GJ18-GM18 -> 1968305 | GF18: 125257 | GG18: 109796 | GH18: 15461 | GI18: =(GH18/FZ18)*100 -> 0.79171711 | GJ18: =GO18-GR18 -> 1979618 | GK18: 137023 | GL18: 125710 | GM18: 11313 | GN18: =(GM18/GE18)*100 -> 0.57475849 | GO18: =GT18-GW18 -> 1988788 | GP18: 116169 | GQ18: 106999 | GR18: 9170 | GS18: =(GR18/GJ18)*100 -> 0.46322068 | GT18: =GY18-HB18 -> 1994134 | GU18: 120181 | GV18: 114835 | GW18: 5346 | GX18: =(GW18/GO18)*100 -> 0.26880693 | GY18: =HD18-HG18 -> 2007178 | GZ18: 119324 | HA18: 106280 | HB18: 13044 | HC18: =(HB18/GT18)*100 -> 0.65411853 | HD18: =HI18-HL18 -> 2016610 | HE18: 118412 | HF18: 108980 | HG18: 9432 | HH18: =(HG18/GY18)*100 -> 0.46991348 | HI18: =HN18-HQ18 -> 2031121 | HJ18: 132243 | HK18: 117732 | HL18: 14511 | HM18: =(HL18/HD18)*100 -> 0.71957394 | HN18: =HS18-HV18 -> 2047763 | HO18: 126437 | HP18: 109795 | HQ18: 16642 | HR18: =(HQ18/HI18)*100 -> 0.8193505 | HS18: =HX18-IA18 -> 2058499 | HT18: 126067 | HU18: 115331 | HV18: 10736 | HW18: =(HV18/HN18)*100 -> 0.52427942 | HX18: =IC18-IF18 -> 2073403 | HY18: 124769 | HZ18: 109865 | IA18: 14904 | IB18: =(IA18/HS18)*100 -> 0.7240227 | IC18: =IH18-IK18 -> 2071551 | ID18: 111576 | IE18: 113428 | IF18: -1852 | IG18: =(IF18/HX18)*100 -> -0.089321758 | IH18: =IM18-IP18 -> 2067176 | II18: 123039 | IJ18: 127414 | IK18: -4375 | IL18: =(IK18/IC18)*100 -> -0.21119441 | IM18: =IR18-IU18 -> 2083037 | IN18: 141464 | IO18: 125603 | IP18: 15861 | IQ18: =(IP18/IH18)*100 -> 0.76727864 | IR18: =IW18-IZ18 -> 2090316 | IS18: 139905 | IT18: 132626 | IU18: 7279 | IV18: =(IU18/IM18)*100 -> 0.3494417 | IW18: =JB18-JE18 -> 2099727 | IX18: 135924 | IY18: 126513 | IZ18: 9411 | JA18: =(IZ18/IR18)*100 -> 0.45021901 | JB18: =JG18-JJ18 -> 2100559 | JC18: 127622 | JD18: 126790 | JE18: 832 | JF18: =(JE18/IW18)*100 -> 0.039624199 | JG18: =JL18-JO18 -> 2108873 | JH18: 124837 | JI18: 116523 | JJ18: 8314 | JK18: =(JJ18/JB18)*100 -> 0.3957994 | JL18: =JQ18-JT18 -> 2117125 | JM18: 132828 | JN18: 124576 | JO18: 8252 | JP18: =(JO18/JG18)*100 -> 0.39129905 | JQ18: =JV18-JY18 -> 2130909 | JR18: 139789 | JS18: 126005 | JT18: 13784 | JU18: =(JT18/JL18)*100 -> 0.65107162 | JV18: =KA18-KD18 -> 2143542 | JW18: 137010 | JX18: 124377 | JY18: 12633 | JZ18: =(JY18/JQ18)*100 -> 0.59284559 | KA18: =KF18-KI18 -> 2150486 | KB18: 143025 | KC18: 136081 | KD18: 6944 | KE18: =(KD18/JV18)*100 -> 0.3239498 | KF18: =KK18-KN18 -> 2167880 | KG18: 135381 | KH18: 117987 | KI18: 17394 | KJ18: =(KI18/KA18)*100 -> 0.80884042 | KK18: =KP18-KS18 -> 2154604 | KL18: 112415 | KM18: 125691 | KN18: -13276 | KO18: =(KN18/KF18)*100 -> -0.61239552 | KP18: =KU18-KX18 -> 2144331 | KQ18: 131393 | KR18: 141666 | KS18: -10273 | KT18: =(KS18/KK18)*100 -> -0.47679295 | KU18: =KZ18-LC18 -> 2171664 | KV18: 160720 | KW18: 133387 | KX18: 27333 | KY18: =(KX18/KP18)*100 -> 1.2746633 | KZ18: =LE18-LH18 -> 2162909 | LA18: 135904 | LB18: 144659 | LC18: -8755 | LD18: =(LC18/KU18)*100 -> -0.40314708 | LE18: =LJ18-LM18 -> 2178361 | LF18: 140881 | LG18: 125429 | LH18: 15452 | LI18: =(LH18/KZ18)*100 -> 0.71440823 | LJ18: =LO18-LR18 -> 2183809 | LK18: 138567 | LL18: 133119 | LM18: 5448 | LN18: =(LM18/LE18)*100 -> 0.25009629 | LO18: =LT18-LW18 -> 2191178 | LP18: 129243 | LQ18: 121874 | LR18: 7369 | LS18: =(LR18/LJ18)*100 -> 0.33743794 | LT18: =LY18-MB18 -> 2195625 | LU18: 137986 | LV18: 133539 | LW18: 4447 | LX18: =(LW18/LO18)*100 -> 0.20295019 | LY18: =MD18-MG18 -> 2207090 | LZ18: 144477 | MA18: 133012 | MB18: 11465 | MC18: =(MB18/LT18)*100 -> 0.52217478 | MD18: =MI18-ML18 -> 2222458 | ME18: 147115 | MF18: 131747 | MG18: 15368 | MH18: =(MG18/LY18)*100 -> 0.69630146 | MI18: =MN18-MQ18 -> 2232767 | MJ18: 148816 | MK18: 138507 | ML18: 10309 | MM18: =(ML18/MD18)*100 -> 0.46385578 | MN18: =MS18-MV18 -> 2247060 | MO18: 134454 | MP18: 120161 | MQ18: 14293 | MR18: =(MQ18/MI18)*100 -> 0.6401474 | MS18: 2226369 | MT18: 114003 | MU18: 134694 | MV18: -20691 | MW18: =(MV18/MN18)*100 -> -0.92080318 | MX18: =MS18+NA18 -> 2218695 | MY18: 134389 | MZ18: 142063 | NA18: -7674 | NB18: -0.33154744 | NC18: =MX18+NF18 -> 2235615 | ND18: 155612 | NE18: 138692 | NF18: 16920 | NG18: =(NF18/NC18)*100 -> 0.75683872 | NH18: =NC18+NK18 -> 2245556 | NI18: 159297 | NJ18: 149356 | NK18: 9941 | NL18: =(NK18/NH18)*100 -> 0.4426966 | NM18: =NH18+NP18 -> 2249825 | NN18: 143846 | NO18: 139577 | NP18: 4269 | NQ18: 0.18992917 | NR18: =NM18+NU18 -> 2252681 | NS18: 140329 | NT18: 137473 | NU18: 2856 | NV18: 0.1268286 | NW18: =NR18+NZ18 -> 2259271 | NX18: 136947 | NY18: 130357 | NZ18: 6590 | OA18: 0.29214826 | OB18: =NW18+OE18 -> 2257460 | OC18: 137886 | OD18: 139697 | OE18: -1811 | OF18: -0.08004 | OG18: =SUM(ND18,MY18,NI18,NN18,NS18,NX18,OC18) -> 1008306 | OH18: =SUM(NE18,MZ18,NJ18,NO18,NT18,NY18,OD18) -> 977215 | OI18: =SUM(NF18,NA18,NK18,NP18,NU18,NZ18,OE18) -> 31091 | OJ18: =(OI18/MS18)*100 -> 1.3964891 | OK18: =SUM(MT18,MO18,MJ18,ME18,LZ18,MY18,ND18,NI18,NN18,NS18,NX18,OC18) -> 1697171 | OL18: =SUM(MU18,MP18,MK18,MF18,MA18,MZ18,NE18,NJ18,NO18,NT18,NY18,OD18) -> 1635336 | OM18: =SUM(MV18,MQ18,ML18,MG18,MB18,NA18,NF18,NK18,NP18,NU18,NZ18,OE18) -> 61835 | ON18: =OM18/(OB18-OM18)*100 -> 2.8162824
B19: Informação, comunicação e atividades financeiras, imobiliárias, profissionais e administrativas | C19: =G19-J19 -> 7915105 | D19: 315820 | E19: 290143 | F19: 25677 | G19: =L19-O19 -> 7944827 | H19: 304794 | I19: 275072 | J19: 29722 | K19: =(J19/C19)*100 -> 0.37550986 | L19: =Q19-T19 -> 7908632 | M19: 315175 | N19: 351370 | O19: -36195 | P19: =(O19/G19)*100 -> -0.45557946 | Q19: =V19-Y19 -> 7772529 | R19: 163581 | S19: 299684 | T19: -136103 | U19: =(T19/L19)*100 -> -1.7209424 | V19: =AA19-AD19 -> 7731231 | W19: 183809 | X19: 225107 | Y19: -41298 | Z19: =(Y19/Q19)*100 -> -0.53133285 | AA19: =AF19-AI19 -> 7742064 | AB19: 223257 | AC19: 212424 | AD19: 10833 | AE19: =(AD19/V19)*100 -> 0.14011999 | AF19: =AK19-AN19 -> 7763157 | AG19: 210999 | AH19: 189906 | AI19: 21093 | AJ19: =(AI19/AA19)*100 -> 0.27244673 | AK19: =AP19-AS19 -> 7818083 | AL19: 289336 | AM19: 234410 | AN19: 54926 | AO19: =(AN19/AF19)*100 -> 0.70752144 | AP19: =AU19-AX19 -> 7884083 | AQ19: 323196 | AR19: 257196 | AS19: 66000 | AT19: =(AS19/AK19)*100 -> 0.84419672 | AU19: =AZ19-BC19 -> 7986474 | AV19: 380327 | AW19: 277936 | AX19: 102391 | AY19: =(AX19/AP19)*100 -> 1.2987053 | AZ19: =BE19-BH19 -> 8088324 | BA19: 375975 | BB19: 274125 | BC19: 101850 | BD19: =(BC19/AU19)*100 -> 1.2752812 | BE19: =BJ19-BM19 -> 8095784 | BF19: 326184 | BG19: 318724 | BH19: 7460 | BI19: =(BH19/AZ19)*100 -> 0.092231716 | BJ19: =BO19-BR19 -> 8151122 | BK19: 364304 | BL19: 308966 | BM19: 55338 | BN19: =(BM19/BE19)*100 -> 0.68354096 | BO19: =BT19-BW19 -> 8223292 | BP19: 375272 | BQ19: 303102 | BR19: 72170 | BS19: =(BR19/BJ19)*100 -> 0.88539958 | BT19: =BY19-CB19 -> 8275661 | BU19: 382730 | BV19: 330361 | BW19: 52369 | BX19: =(BW19/BO19)*100 -> 0.63683741 | BY19: =CD19-CG19 -> 8309742 | BZ19: 339650 | CA19: 305569 | CB19: 34081 | CC19: =(CB19/BT19)*100 -> 0.41182209 | CD19: =CI19-CL19 -> 8368762 | CE19: 375756 | CF19: 316736 | CG19: 59020 | CH19: =(CG19/BY19)*100 -> 0.71025069 | CI19: =CN19-CQ19 -> 8436423 | CJ19: 384289 | CK19: 316628 | CL19: 67661 | CM19: =(CL19/CD19)*100 -> 0.80849473 | CN19: =CS19-CV19 -> 8505985 | CO19: 398407 | CP19: 328845 | CQ19: 69562 | CR19: =(CQ19/CI19)*100 -> 0.82454377 | CS19: =CX19-DA19 -> 8585717 | CT19: 425007 | CU19: 345275 | CV19: 79732 | CW19: =(CV19/CN19)*100 -> 0.93736352 | CX19: =DC19-DF19 -> 8650318 | CY19: 414113 | CZ19: 349512 | DA19: 64601 | DB19: =(DA19/CS19)*100 -> 0.75242405 | DC19: =DH19-DK19 -> 8721576 | DD19: 430233 | DE19: 358975 | DF19: 71258 | DG19: =(DF19/CX19)*100 -> 0.82376162 | DH19: =DM19-DP19 -> 8827404 | DI19: 448745 | DJ19: 342917 | DK19: 105828 | DL19: =(DK19/DC19)*100 -> 1.2134045 | DM19: =DR19-DU19 -> 8809514 | DN19: 390596 | DO19: 408486 | DP19: -17890 | DQ19: =(DP19/DH19)*100 -> -0.20266434 | DR19: =DW19-DZ19 -> 8868287 | DS19: 443588 | DT19: 384815 | DU19: 58773 | DV19: =(DU19/DM19)*100 -> 0.66715372 | DW19: =EB19-EE19 -> 8926280 | DX19: 445897 | DY19: 387904 | DZ19: 57993 | EA19: =(DZ19/DR19)*100 -> 0.65393689 | EB19: =EG19-EJ19 -> 8965855 | EC19: 457680 | ED19: 418105 | EE19: 39575 | EF19: =(EE19/DW19)*100 -> 0.44335378 | EG19: =EL19-EO19 -> 9005465 | EH19: 434255 | EI19: 394645 | EJ19: 39610 | EK19: =(EJ19/EB19)*100 -> 0.4417872 | EL19: =EQ19-ET19 -> 9054838 | EM19: 446409 | EN19: 397036 | EO19: 49373 | EP19: =(EO19/EG19)*100 -> 0.54825598 | EQ19: =EV19-EY19 -> 9120665 | ER19: 444836 | ES19: 379009 | ET19: 65827 | EU19: =(ET19/EL19)*100 -> 0.72698153 | EV19: =FA19-FD19 -> 9158607 | EW19: 439584 | EX19: 401642 | EY19: 37942 | EZ19: =(EY19/EQ19)*100 -> 0.41600037 | FA19: =FF19-FI19 -> 9220016 | FB19: 477359 | FC19: 415950 | FD19: 61409 | FE19: =(FD19/EV19)*100 -> 0.6705059 | FF19: =FK19-FN19 -> 9279226 | FG19: 454300 | FH19: 395090 | FI19: 59210 | FJ19: =(FI19/FA19)*100 -> 0.64218977 | FK19: =FP19-FS19 -> 9328486 | FL19: 434632 | FM19: 385372 | FN19: 49260 | FO19: =(FN19/FF19)*100 -> 0.53086324 | FP19: =FU19-FX19 -> 9380844 | FQ19: 438129 | FR19: 385771 | FS19: 52358 | FT19: =(FS19/FK19)*100 -> 0.56127007 | FU19: =FZ19-GC19 -> 9338324 | FV19: 369092 | FW19: 411612 | FX19: -42520 | FY19: =(FX19/FP19)*100 -> -0.45326412 | FZ19: =GE19-GH19 -> 9354771 | GA19: 451259 | GB19: 434812 | GC19: 16447 | GD19: =(GC19/FU19)*100 -> 0.17612368 | GE19: =GJ19-GM19 -> 9383797 | GF19: 422834 | GG19: 393808 | GH19: 29026 | GI19: =(GH19/FZ19)*100 -> 0.31028018 | GJ19: =GO19-GR19 -> 9419264 | GK19: 496607 | GL19: 461140 | GM19: 35467 | GN19: =(GM19/GE19)*100 -> 0.37796001 | GO19: =GT19-GW19 -> 9451175 | GP19: 433638 | GQ19: 401727 | GR19: 31911 | GS19: =(GR19/GJ19)*100 -> 0.33878443 | GT19: =GY19-HB19 -> 9488906 | GU19: 470911 | GV19: 433180 | GW19: 37731 | GX19: =(GW19/GO19)*100 -> 0.3992202 | GY19: =HD19-HG19 -> 9528946 | GZ19: 451748 | HA19: 411708 | HB19: 40040 | HC19: =(HB19/GT19)*100 -> 0.42196645 | HD19: =HI19-HL19 -> 9556164 | HE19: 444804 | HF19: 417586 | HG19: 27218 | HH19: =(HG19/GY19)*100 -> 0.28563495 | HI19: =HN19-HQ19 -> 9599677 | HJ19: 487771 | HK19: 444258 | HL19: 43513 | HM19: =(HL19/HD19)*100 -> 0.45533961 | HN19: =HS19-HV19 -> 9641401 | HO19: 452688 | HP19: 410964 | HQ19: 41724 | HR19: =(HQ19/HI19)*100 -> 0.43463962 | HS19: =HX19-IA19 -> 9706529 | HT19: 483991 | HU19: 418863 | HV19: 65128 | HW19: =(HV19/HN19)*100 -> 0.67550349 | HX19: =IC19-IF19 -> 9769000 | HY19: 475043 | HZ19: 412572 | IA19: 62471 | IB19: =(IA19/HS19)*100 -> 0.64359773 | IC19: =IH19-IK19 -> 9732454 | ID19: 405135 | IE19: 441681 | IF19: -36546 | IG19: =(IF19/HX19)*100 -> -0.37410175 | IH19: =IM19-IP19 -> 9779806 | II19: 502687 | IJ19: 455335 | IK19: 47352 | IL19: =(IK19/IC19)*100 -> 0.48653711 | IM19: =IR19-IU19 -> 9830332 | IN19: 502168 | IO19: 451642 | IP19: 50526 | IQ19: =(IP19/IH19)*100 -> 0.51663602 | IR19: =IW19-IZ19 -> 9879911 | IS19: 529693 | IT19: 480114 | IU19: 49579 | IV19: =(IU19/IM19)*100 -> 0.50434716 | IW19: =JB19-JE19 -> 9941007 | IX19: 539140 | IY19: 478044 | IZ19: 61096 | JA19: =(IZ19/IR19)*100 -> 0.61838614 | JB19: =JG19-JJ19 -> 9971805 | JC19: 508328 | JD19: 477530 | JE19: 30798 | JF19: =(JE19/IW19)*100 -> 0.30980765 | JG19: =JL19-JO19 -> 10020151 | JH19: 502688 | JI19: 454342 | JJ19: 48346 | JK19: =(JJ19/JB19)*100 -> 0.48482697 | JL19: =JQ19-JT19 -> 10065503 | JM19: 535614 | JN19: 490262 | JO19: 45352 | JP19: =(JO19/JG19)*100 -> 0.45260795 | JQ19: =JV19-JY19 -> 10106015 | JR19: 527230 | JS19: 486718 | JT19: 40512 | JU19: =(JT19/JL19)*100 -> 0.40248361 | JV19: =KA19-KD19 -> 10168410 | JW19: 535287 | JX19: 472892 | JY19: 62395 | JZ19: =(JY19/JQ19)*100 -> 0.61740459 | KA19: =KF19-KI19 -> 10210056 | KB19: 563540 | KC19: 521894 | KD19: 41646 | KE19: =(KD19/JV19)*100 -> 0.40956256 | KF19: =KK19-KN19 -> 10250174 | KG19: 504984 | KH19: 464866 | KI19: 40118 | KJ19: =(KI19/KA19)*100 -> 0.39292635 | KK19: =KP19-KS19 -> 10183518 | KL19: 413475 | KM19: 480131 | KN19: -66656 | KO19: =(KN19/KF19)*100 -> -0.6502914 | KP19: =KU19-KX19 -> 10209069 | KQ19: 552460 | KR19: 526909 | KS19: 25551 | KT19: =(KS19/KK19)*100 -> 0.25090543 | KU19: =KZ19-LC19 -> 10297015 | KV19: 599552 | KW19: 511606 | KX19: 87946 | KY19: =(KX19/KP19)*100 -> 0.86144976 | KZ19: =LE19-LH19 -> 10308509 | LA19: 541182 | LB19: 529688 | LC19: 11494 | LD19: =(LC19/KU19)*100 -> 0.11162458 | LE19: =LJ19-LM19 -> 10360955 | LF19: 548794 | LG19: 496348 | LH19: 52446 | LI19: =(LH19/KZ19)*100 -> 0.50876417 | LJ19: =LO19-LR19 -> 10390836 | LK19: 547589 | LL19: 517708 | LM19: 29881 | LN19: =(LM19/LE19)*100 -> 0.28840006 | LO19: =LT19-LW19 -> 10432313 | LP19: 528887 | LQ19: 487410 | LR19: 41477 | LS19: =(LR19/LJ19)*100 -> 0.39916904 | LT19: =LY19-MB19 -> 10459031 | LU19: 554039 | LV19: 527321 | LW19: 26718 | LX19: =(LW19/LO19)*100 -> 0.25610811 | LY19: =MD19-MG19 -> 10471177 | LZ19: 532814 | MA19: 520668 | MB19: 12146 | MC19: =(MB19/LT19)*100 -> 0.1161293 | MD19: =MI19-ML19 -> 10524050 | ME19: 568936 | MF19: 516063 | MG19: 52873 | MH19: =(MG19/LY19)*100 -> 0.50493846 | MI19: =MN19-MQ19 -> 10559561 | MJ19: 578884 | MK19: 543373 | ML19: 35511 | MM19: =(ML19/MD19)*100 -> 0.33742713 | MN19: =MS19-MV19 -> 10605275 | MO19: 518118 | MP19: 472404 | MQ19: 45714 | MR19: =(MQ19/MI19)*100 -> 0.43291572 | MS19: 10514941 | MT19: 418258 | MU19: 508592 | MV19: -90334 | MW19: =(MV19/MN19)*100 -> -0.85178366 | MX19: =MS19+NA19 -> 10553336 | MY19: 552297 | MZ19: 513902 | NA19: 38395 | NB19: 0.36539841 | NC19: =MX19+NF19 -> 10601468 | ND19: 560459 | NE19: 512327 | NF19: 48132 | NG19: =(NF19/NC19)*100 -> 0.4540126 | NH19: =NC19+NK19 -> 10658418 | NI19: 616102 | NJ19: 559152 | NK19: 56950 | NL19: =(NK19/NH19)*100 -> 0.53431945 | NM19: =NH19+NP19 -> 10675396 | NN19: 554407 | NO19: 537429 | NP19: 16978 | NQ19: 0.15928055 | NR19: =NM19+NU19 -> 10687546 | NS19: 542296 | NT19: 530146 | NU19: 12150 | NV19: 0.11385135 | NW19: =NR19+NZ19 -> 10721101 | NX19: 554137 | NY19: 520582 | NZ19: 33555 | OA19: 0.3140443 | OB19: =NW19+OE19 -> 10730844 | OC19: 566603 | OD19: 556860 | OE19: 9743 | OF19: 0.090911 | OG19: =SUM(ND19,MY19,NI19,NN19,NS19,NX19,OC19) -> 3946301 | OH19: =SUM(NE19,MZ19,NJ19,NO19,NT19,NY19,OD19) -> 3730398 | OI19: =SUM(NF19,NA19,NK19,NP19,NU19,NZ19,OE19) -> 215903 | OJ19: =(OI19/MS19)*100 -> 2.0532973 | OK19: =SUM(MT19,MO19,MJ19,ME19,LZ19,MY19,ND19,NI19,NN19,NS19,NX19,OC19) -> 6563311 | OL19: =SUM(MU19,MP19,MK19,MF19,MA19,MZ19,NE19,NJ19,NO19,NT19,NY19,OD19) -> 6291498 | OM19: =SUM(MV19,MQ19,ML19,MG19,MB19,NA19,NF19,NK19,NP19,NU19,NZ19,OE19) -> 271813 | ON19: =OM19/(OB19-OM19)*100 -> 2.5988354
B20: Informação e Comunicação | C20: =G20-J20 -> 945819 | D20: 30854 | E20: 25332 | F20: 5522 | G20: =L20-O20 -> 949892 | H20: 29035 | I20: 24962 | J20: 4073 | K20: =(J20/C20)*100 -> 0.43063208 | L20: =Q20-T20 -> 949861 | M20: 29298 | N20: 29329 | O20: -31 | P20: =(O20/G20)*100 -> -0.0032635289 | Q20: =V20-Y20 -> 936674 | R20: 12245 | S20: 25432 | T20: -13187 | U20: =(T20/L20)*100 -> -1.3883084 | V20: =AA20-AD20 -> 931737 | W20: 13871 | X20: 18808 | Y20: -4937 | Z20: =(Y20/Q20)*100 -> -0.52707772 | AA20: =AF20-AI20 -> 932981 | AB20: 19171 | AC20: 17927 | AD20: 1244 | AE20: =(AD20/V20)*100 -> 0.13351407 | AF20: =AK20-AN20 -> 937348 | AG20: 23734 | AH20: 19367 | AI20: 4367 | AJ20: =(AI20/AA20)*100 -> 0.46806955 | AK20: =AP20-AS20 -> 943249 | AL20: 27243 | AM20: 21342 | AN20: 5901 | AO20: =(AN20/AF20)*100 -> 0.62954207 | AP20: =AU20-AX20 -> 952368 | AQ20: 32220 | AR20: 23101 | AS20: 9119 | AT20: =(AS20/AK20)*100 -> 0.96676487 | AU20: =AZ20-BC20 -> 966750 | AV20: 38738 | AW20: 24356 | AX20: 14382 | AY20: =(AX20/AP20)*100 -> 1.5101305 | AZ20: =BE20-BH20 -> 967899 | BA20: 32131 | BB20: 30982 | BC20: 1149 | BD20: =(BC20/AU20)*100 -> 0.11885182 | BE20: =BJ20-BM20 -> 970718 | BF20: 26857 | BG20: 24038 | BH20: 2819 | BI20: =(BH20/AZ20)*100 -> 0.2912494 | BJ20: =BO20-BR20 -> 977323 | BK20: 34255 | BL20: 27650 | BM20: 6605 | BN20: =(BM20/BE20)*100 -> 0.68042418 | BO20: =BT20-BW20 -> 987313 | BP20: 36304 | BQ20: 26314 | BR20: 9990 | BS20: =(BR20/BJ20)*100 -> 1.02218 | BT20: =BY20-CB20 -> 999074 | BU20: 41017 | BV20: 29256 | BW20: 11761 | BX20: =(BW20/BO20)*100 -> 1.1912129 | BY20: =CD20-CG20 -> 1009087 | BZ20: 37781 | CA20: 27768 | CB20: 10013 | CC20: =(CB20/BT20)*100 -> 1.0022281 | CD20: =CI20-CL20 -> 1019841 | CE20: 39763 | CF20: 29009 | CG20: 10754 | CH20: =(CG20/BY20)*100 -> 1.0657158 | CI20: =CN20-CQ20 -> 1032186 | CJ20: 42468 | CK20: 30123 | CL20: 12345 | CM20: =(CL20/CD20)*100 -> 1.2104828 | CN20: =CS20-CV20 -> 1043539 | CO20: 42749 | CP20: 31396 | CQ20: 11353 | CR20: =(CQ20/CI20)*100 -> 1.0998987 | CS20: =CX20-DA20 -> 1055104 | CT20: 43843 | CU20: 32278 | CV20: 11565 | CW20: =(CV20/CN20)*100 -> 1.108248 | CX20: =DC20-DF20 -> 1064967 | CY20: 43385 | CZ20: 33522 | DA20: 9863 | DB20: =(DA20/CS20)*100 -> 0.93478937 | DC20: =DH20-DK20 -> 1076275 | DD20: 44152 | DE20: 32844 | DF20: 11308 | DG20: =(DF20/CX20)*100 -> 1.0618169 | DH20: =DM20-DP20 -> 1088278 | DI20: 43322 | DJ20: 31319 | DK20: 12003 | DL20: =(DK20/DC20)*100 -> 1.1152354 | DM20: =DR20-DU20 -> 1093055 | DN20: 36326 | DO20: 31549 | DP20: 4777 | DQ20: =(DP20/DH20)*100 -> 0.43895034 | DR20: =DW20-DZ20 -> 1100407 | DS20: 43182 | DT20: 35830 | DU20: 7352 | DV20: =(DU20/DM20)*100 -> 0.67261025 | DW20: =EB20-EE20 -> 1108315 | DX20: 44480 | DY20: 36572 | DZ20: 7908 | EA20: =(DZ20/DR20)*100 -> 0.71864319 | EB20: =EG20-EJ20 -> 1118129 | EC20: 47357 | ED20: 37543 | EE20: 9814 | EF20: =(EE20/DW20)*100 -> 0.88548833 | EG20: =EL20-EO20 -> 1126595 | EH20: 44486 | EI20: 36020 | EJ20: 8466 | EK20: =(EJ20/EB20)*100 -> 0.75715772 | EL20: =EQ20-ET20 -> 1135086 | EM20: 45251 | EN20: 36760 | EO20: 8491 | EP20: =(EO20/EG20)*100 -> 0.75368699 | EQ20: =EV20-EY20 -> 1143784 | ER20: 45476 | ES20: 36778 | ET20: 8698 | EU20: =(ET20/EL20)*100 -> 0.76628555 | EV20: =FA20-FD20 -> 1149127 | EW20: 41737 | EX20: 36394 | EY20: 5343 | EZ20: =(EY20/EQ20)*100 -> 0.46713365 | FA20: =FF20-FI20 -> 1155700 | FB20: 44441 | FC20: 37868 | FD20: 6573 | FE20: =(FD20/EV20)*100 -> 0.57199944 | FF20: =FK20-FN20 -> 1163762 | FG20: 44193 | FH20: 36131 | FI20: 8062 | FJ20: =(FI20/FA20)*100 -> 0.69758588 | FK20: =FP20-FS20 -> 1165792 | FL20: 39427 | FM20: 37397 | FN20: 2030 | FO20: =(FN20/FF20)*100 -> 0.17443429 | FP20: =FU20-FX20 -> 1167993 | FQ20: 37142 | FR20: 34941 | FS20: 2201 | FT20: =(FS20/FK20)*100 -> 0.18879869 | FU20: =FZ20-GC20 -> 1164363 | FV20: 27118 | FW20: 30748 | FX20: -3630 | FY20: =(FX20/FP20)*100 -> -0.31078953 | FZ20: =GE20-GH20 -> 1165368 | GA20: 37609 | GB20: 36604 | GC20: 1005 | GD20: =(GC20/FU20)*100 -> 0.086313289 | GE20: =GJ20-GM20 -> 1164573 | GF20: 33267 | GG20: 34062 | GH20: -795 | GI20: =(GH20/FZ20)*100 -> -0.068218794 | GJ20: =GO20-GR20 -> 1165741 | GK20: 39619 | GL20: 38451 | GM20: 1168 | GN20: =(GM20/GE20)*100 -> 0.10029427 | GO20: =GT20-GW20 -> 1168281 | GP20: 36199 | GQ20: 33659 | GR20: 2540 | GS20: =(GR20/GJ20)*100 -> 0.21788716 | GT20: =GY20-HB20 -> 1171274 | GU20: 39479 | GV20: 36486 | GW20: 2993 | GX20: =(GW20/GO20)*100 -> 0.25618837 | GY20: =HD20-HG20 -> 1171317 | GZ20: 36560 | HA20: 36517 | HB20: 43 | HC20: =(HB20/GT20)*100 -> 0.0036712161 | HD20: =HI20-HL20 -> 1173829 | HE20: 36096 | HF20: 33584 | HG20: 2512 | HH20: =(HG20/GY20)*100 -> 0.21445945 | HI20: =HN20-HQ20 -> 1174472 | HJ20: 38795 | HK20: 38152 | HL20: 643 | HM20: =(HL20/HD20)*100 -> 0.054777996 | HN20: =HS20-HV20 -> 1176556 | HO20: 35505 | HP20: 33421 | HQ20: 2084 | HR20: =(HQ20/HI20)*100 -> 0.17744144 | HS20: =HX20-IA20 -> 1179900 | HT20: 37183 | HU20: 33839 | HV20: 3344 | HW20: =(HV20/HN20)*100 -> 0.28421937 | HX20: =IC20-IF20 -> 1183031 | HY20: 34413 | HZ20: 31282 | IA20: 3131 | IB20: =(IA20/HS20)*100 -> 0.26536147 | IC20: =IH20-IK20 -> 1181264 | ID20: 28325 | IE20: 30092 | IF20: -1767 | IG20: =(IF20/HX20)*100 -> -0.1493621 | IH20: =IM20-IP20 -> 1184653 | II20: 37831 | IJ20: 34442 | IK20: 3389 | IL20: =(IK20/IC20)*100 -> 0.28689607 | IM20: =IR20-IU20 -> 1187782 | IN20: 38238 | IO20: 35109 | IP20: 3129 | IQ20: =(IP20/IH20)*100 -> 0.26412798 | IR20: =IW20-IZ20 -> 1192207 | IS20: 39899 | IT20: 35474 | IU20: 4425 | IV20: =(IU20/IM20)*100 -> 0.37254311 | IW20: =JB20-JE20 -> 1196984 | IX20: 41878 | IY20: 37101 | IZ20: 4777 | JA20: =(IZ20/IR20)*100 -> 0.40068545 | JB20: =JG20-JJ20 -> 1198227 | JC20: 39233 | JD20: 37990 | JE20: 1243 | JF20: =(JE20/IW20)*100 -> 0.10384433 | JG20: =JL20-JO20 -> 1200985 | JH20: 38516 | JI20: 35758 | JJ20: 2758 | JK20: =(JJ20/JB20)*100 -> 0.23017341 | JL20: =JQ20-JT20 -> 1207023 | JM20: 42661 | JN20: 36623 | JO20: 6038 | JP20: =(JO20/JG20)*100 -> 0.50275399 | JQ20: =JV20-JY20 -> 1212071 | JR20: 42303 | JS20: 37255 | JT20: 5048 | JU20: =(JT20/JL20)*100 -> 0.41821904 | JV20: =KA20-KD20 -> 1220241 | JW20: 45097 | JX20: 36927 | JY20: 8170 | JZ20: =(JY20/JQ20)*100 -> 0.67405292 | KA20: =KF20-KI20 -> 1215086 | KB20: 39496 | KC20: 44651 | KD20: -5155 | KE20: =(KD20/JV20)*100 -> -0.42245753 | KF20: =KK20-KN20 -> 1216998 | KG20: 36954 | KH20: 35042 | KI20: 1912 | KJ20: =(KI20/KA20)*100 -> 0.15735512 | KK20: =KP20-KS20 -> 1216479 | KL20: 29626 | KM20: 30145 | KN20: -519 | KO20: =(KN20/KF20)*100 -> -0.042645921 | KP20: =KU20-KX20 -> 1216049 | KQ20: 39073 | KR20: 39503 | KS20: -430 | KT20: =(KS20/KK20)*100 -> -0.035347918 | KU20: =KZ20-LC20 -> 1220055 | KV20: 43399 | KW20: 39393 | KX20: 4006 | KY20: =(KX20/KP20)*100 -> 0.32942751 | KZ20: =LE20-LH20 -> 1222535 | LA20: 40041 | LB20: 37561 | LC20: 2480 | LD20: =(LC20/KU20)*100 -> 0.20326952 | LE20: =LJ20-LM20 -> 1227229 | LF20: 42844 | LG20: 38150 | LH20: 4694 | LI20: =(LH20/KZ20)*100 -> 0.38395629 | LJ20: =LO20-LR20 -> 1230586 | LK20: 41644 | LL20: 38287 | LM20: 3357 | LN20: =(LM20/LE20)*100 -> 0.27354308 | LO20: =LT20-LW20 -> 1233584 | LP20: 40077 | LQ20: 37079 | LR20: 2998 | LS20: =(LR20/LJ20)*100 -> 0.24362377 | LT20: =LY20-MB20 -> 1237180 | LU20: 41436 | LV20: 37840 | LW20: 3596 | LX20: =(LW20/LO20)*100 -> 0.29150832 | LY20: =MD20-MG20 -> 1238322 | LZ20: 41890 | MA20: 40748 | MB20: 1142 | MC20: =(MB20/LT20)*100 -> 0.092306697 | MD20: =MI20-ML20 -> 1241370 | ME20: 42621 | MF20: 39573 | MG20: 3048 | MH20: =(MG20/LY20)*100 -> 0.24613953 | MI20: =MN20-MQ20 -> 1242782 | MJ20: 41907 | MK20: 40495 | ML20: 1412 | MM20: =(ML20/MD20)*100 -> 0.1137453 | MN20: =MS20-MV20 -> 1246850 | MO20: 37347 | MP20: 33279 | MQ20: 4068 | MR20: =(MQ20/MI20)*100 -> 0.32733014 | MS20: 1242660 | MT20: 28491 | MU20: 32681 | MV20: -4190 | MW20: =(MV20/MN20)*100 -> -0.33604684 | MX20: =MS20+NA20 -> 1242415 | MY20: 36987 | MZ20: 37232 | NA20: -245 | NB20: -0.019720515 | NC20: =MX20+NF20 -> 1243796 | ND20: 38149 | NE20: 36768 | NF20: 1381 | NG20: =(NF20/NC20)*100 -> 0.11103107 | NH20: =NC20+NK20 -> 1247642 | NI20: 43380 | NJ20: 39534 | NK20: 3846 | NL20: =(NK20/NH20)*100 -> 0.3082615 | NM20: =NH20+NP20 -> 1248155 | NN20: 40441 | NO20: 39928 | NP20: 513 | NQ20: 0.041125573 | NR20: =NM20+NU20 -> 1247688 | NS20: 38027 | NT20: 38494 | NU20: -467 | NV20: -0.037430249 | NW20: =NR20+NZ20 -> 1248726 | NX20: 39348 | NY20: 38310 | NZ20: 1038 | OA20: 0.083228894 | OB20: =NW20+OE20 -> 1248686 | OC20: 39037 | OD20: 39077 | OE20: -40 | OF20: -0.00321 | OG20: =SUM(ND20,MY20,NI20,NN20,NS20,NX20,OC20) -> 275369 | OH20: =SUM(NE20,MZ20,NJ20,NO20,NT20,NY20,OD20) -> 269343 | OI20: =SUM(NF20,NA20,NK20,NP20,NU20,NZ20,OE20) -> 6026 | OJ20: =(OI20/MS20)*100 -> 0.48492749 | OK20: =SUM(MT20,MO20,MJ20,ME20,LZ20,MY20,ND20,NI20,NN20,NS20,NX20,OC20) -> 467625 | OL20: =SUM(MU20,MP20,MK20,MF20,MA20,MZ20,NE20,NJ20,NO20,NT20,NY20,OD20) -> 456119 | OM20: =SUM(MV20,MQ20,ML20,MG20,MB20,NA20,NF20,NK20,NP20,NU20,NZ20,OE20) -> 11506 | ON20: =OM20/(OB20-OM20)*100 -> 0.93001827
B21: Atividades Financeiras, de Seguros e Serviços Relacionados | C21: =G21-J21 -> 951277 | D21: 14406 | E21: 12676 | F21: 1730 | G21: =L21-O21 -> 953176 | H21: 14331 | I21: 12432 | J21: 1899 | K21: =(J21/C21)*100 -> 0.1996264 | L21: =Q21-T21 -> 955013 | M21: 15305 | N21: 13468 | O21: 1837 | P21: =(O21/G21)*100 -> 0.19272411 | Q21: =V21-Y21 -> 949479 | R21: 5328 | S21: 10862 | T21: -5534 | U21: =(T21/L21)*100 -> -0.57946855 | V21: =AA21-AD21 -> 946136 | W21: 5833 | X21: 9176 | Y21: -3343 | Z21: =(Y21/Q21)*100 -> -0.35208783 | AA21: =AF21-AI21 -> 944954 | AB21: 7656 | AC21: 8838 | AD21: -1182 | AE21: =(AD21/V21)*100 -> -0.12492919 | AF21: =AK21-AN21 -> 945064 | AG21: 9966 | AH21: 9856 | AI21: 110 | AJ21: =(AI21/AA21)*100 -> 0.011640778 | AK21: =AP21-AS21 -> 946323 | AL21: 11807 | AM21: 10548 | AN21: 1259 | AO21: =(AN21/AF21)*100 -> 0.13321849 | AP21: =AU21-AX21 -> 947608 | AQ21: 12944 | AR21: 11659 | AS21: 1285 | AT21: =(AS21/AK21)*100 -> 0.13578873 | AU21: =AZ21-BC21 -> 944885 | AV21: 14251 | AW21: 16974 | AX21: -2723 | AY21: =(AX21/AP21)*100 -> -0.28735511 | AZ21: =BE21-BH21 -> 946371 | BA21: 15106 | BB21: 13620 | BC21: 1486 | BD21: =(BC21/AU21)*100 -> 0.15726782 | BE21: =BJ21-BM21 -> 948646 | BF21: 13348 | BG21: 11073 | BH21: 2275 | BI21: =(BH21/AZ21)*100 -> 0.24039198 | BJ21: =BO21-BR21 -> 953196 | BK21: 17172 | BL21: 12622 | BM21: 4550 | BN21: =(BM21/BE21)*100 -> 0.47963097 | BO21: =BT21-BW21 -> 956449 | BP21: 17736 | BQ21: 14483 | BR21: 3253 | BS21: =(BR21/BJ21)*100 -> 0.34127294 | BT21: =BY21-CB21 -> 958796 | BU21: 19407 | BV21: 17060 | BW21: 2347 | BX21: =(BW21/BO21)*100 -> 0.24538684 | BY21: =CD21-CG21 -> 965317 | BZ21: 20510 | CA21: 13989 | CB21: 6521 | CC21: =(CB21/BT21)*100 -> 0.68012382 | CD21: =CI21-CL21 -> 970686 | CE21: 20045 | CF21: 14676 | CG21: 5369 | CH21: =(CG21/BY21)*100 -> 0.55619035 | CI21: =CN21-CQ21 -> 976437 | CJ21: 21236 | CK21: 15485 | CL21: 5751 | CM21: =(CL21/CD21)*100 -> 0.5924676 | CN21: =CS21-CV21 -> 981964 | CO21: 21828 | CP21: 16301 | CQ21: 5527 | CR21: =(CQ21/CI21)*100 -> 0.56603754 | CS21: =CX21-DA21 -> 987950 | CT21: 22451 | CU21: 16465 | CV21: 5986 | CW21: =(CV21/CN21)*100 -> 0.60959465 | CX21: =DC21-DF21 -> 994053 | CY21: 22574 | CZ21: 16471 | DA21: 6103 | DB21: =(DA21/CS21)*100 -> 0.61774381 | DC21: =DH21-DK21 -> 999213 | DD21: 22460 | DE21: 17300 | DF21: 5160 | DG21: =(DF21/CX21)*100 -> 0.51908701 | DH21: =DM21-DP21 -> 1004555 | DI21: 21075 | DJ21: 15733 | DK21: 5342 | DL21: =(DK21/DC21)*100 -> 0.53462075 | DM21: =DR21-DU21 -> 1005744 | DN21: 16625 | DO21: 15436 | DP21: 1189 | DQ21: =(DP21/DH21)*100 -> 0.11836087 | DR21: =DW21-DZ21 -> 1009041 | DS21: 18488 | DT21: 15191 | DU21: 3297 | DV21: =(DU21/DM21)*100 -> 0.32781702 | DW21: =EB21-EE21 -> 1012756 | DX21: 19167 | DY21: 15452 | DZ21: 3715 | EA21: =(DZ21/DR21)*100 -> 0.36817136 | EB21: =EG21-EJ21 -> 1015946 | EC21: 20571 | ED21: 17381 | EE21: 3190 | EF21: =(EE21/DW21)*100 -> 0.31498209 | EG21: =EL21-EO21 -> 1019862 | EH21: 21462 | EI21: 17546 | EJ21: 3916 | EK21: =(EJ21/EB21)*100 -> 0.38545356 | EL21: =EQ21-ET21 -> 1022796 | EM21: 21079 | EN21: 18145 | EO21: 2934 | EP21: =(EO21/EG21)*100 -> 0.28768598 | EQ21: =EV21-EY21 -> 1026457 | ER21: 21052 | ES21: 17391 | ET21: 3661 | EU21: =(ET21/EL21)*100 -> 0.35794039 | EV21: =FA21-FD21 -> 1029376 | EW21: 20270 | EX21: 17351 | EY21: 2919 | EZ21: =(EY21/EQ21)*100 -> 0.28437626 | FA21: =FF21-FI21 -> 1033462 | FB21: 21921 | FC21: 17835 | FD21: 4086 | FE21: =(FD21/EV21)*100 -> 0.39693951 | FF21: =FK21-FN21 -> 1037019 | FG21: 20236 | FH21: 16679 | FI21: 3557 | FJ21: =(FI21/FA21)*100 -> 0.34418295 | FK21: =FP21-FS21 -> 1040165 | FL21: 19132 | FM21: 15986 | FN21: 3146 | FO21: =(FN21/FF21)*100 -> 0.30336956 | FP21: =FU21-FX21 -> 1042958 | FQ21: 17795 | FR21: 15002 | FS21: 2793 | FT21: =(FS21/FK21)*100 -> 0.26851509 | FU21: =FZ21-GC21 -> 1042013 | FV21: 13290 | FW21: 14235 | FX21: -945 | FY21: =(FX21/FP21)*100 -> -0.090607675 | FZ21: =GE21-GH21 -> 1043298 | GA21: 19889 | GB21: 18604 | GC21: 1285 | GD21: =(GC21/FU21)*100 -> 0.123319 | GE21: =GJ21-GM21 -> 1042448 | GF21: 16942 | GG21: 17792 | GH21: -850 | GI21: =(GH21/FZ21)*100 -> -0.081472408 | GJ21: =GO21-GR21 -> 1041899 | GK21: 19780 | GL21: 20329 | GM21: -549 | GN21: =(GM21/GE21)*100 -> -0.052664497 | GO21: =GT21-GW21 -> 1042210 | GP21: 19009 | GQ21: 18698 | GR21: 311 | GS21: =(GR21/GJ21)*100 -> 0.029849342 | GT21: =GY21-HB21 -> 1042390 | GU21: 19556 | GV21: 19376 | GW21: 180 | GX21: =(GW21/GO21)*100 -> 0.017270991 | GY21: =HD21-HG21 -> 1043488 | GZ21: 19585 | HA21: 18487 | HB21: 1098 | HC21: =(HB21/GT21)*100 -> 0.10533486 | HD21: =HI21-HL21 -> 1045077 | HE21: 20012 | HF21: 18423 | HG21: 1589 | HH21: =(HG21/GY21)*100 -> 0.15227775 | HI21: =HN21-HQ21 -> 1047439 | HJ21: 22275 | HK21: 19913 | HL21: 2362 | HM21: =(HL21/HD21)*100 -> 0.22601205 | HN21: =HS21-HV21 -> 1049641 | HO21: 19942 | HP21: 17740 | HQ21: 2202 | HR21: =(HQ21/HI21)*100 -> 0.21022704 | HS21: =HX21-IA21 -> 1053226 | HT21: 21069 | HU21: 17484 | HV21: 3585 | HW21: =(HV21/HN21)*100 -> 0.34154535 | HX21: =IC21-IF21 -> 1055663 | HY21: 18981 | HZ21: 16544 | IA21: 2437 | IB21: =(IA21/HS21)*100 -> 0.23138434 | IC21: =IH21-IK21 -> 1055000 | ID21: 14891 | IE21: 15554 | IF21: -663 | IG21: =(IF21/HX21)*100 -> -0.062804134 | IH21: =IM21-IP21 -> 1059085 | II21: 21996 | IJ21: 17911 | IK21: 4085 | IL21: =(IK21/IC21)*100 -> 0.38720379 | IM21: =IR21-IU21 -> 1061355 | IN21: 20286 | IO21: 18016 | IP21: 2270 | IQ21: =(IP21/IH21)*100 -> 0.21433596 | IR21: =IW21-IZ21 -> 1063721 | IS21: 21526 | IT21: 19160 | IU21: 2366 | IV21: =(IU21/IM21)*100 -> 0.22292258 | IW21: =JB21-JE21 -> 1065749 | IX21: 23151 | IY21: 21123 | IZ21: 2028 | JA21: =(IZ21/IR21)*100 -> 0.1906515 | JB21: =JG21-JJ21 -> 1068238 | JC21: 22156 | JD21: 19667 | JE21: 2489 | JF21: =(JE21/IW21)*100 -> 0.23354467 | JG21: =JL21-JO21 -> 1070846 | JH21: 21139 | JI21: 18531 | JJ21: 2608 | JK21: =(JJ21/JB21)*100 -> 0.24414035 | JL21: =JQ21-JT21 -> 1071272 | JM21: 21508 | JN21: 21082 | JO21: 426 | JP21: =(JO21/JG21)*100 -> 0.039781631 | JQ21: =JV21-JY21 -> 1071504 | JR21: 21385 | JS21: 21153 | JT21: 232 | JU21: =(JT21/JL21)*100 -> 0.021656498 | JV21: =KA21-KD21 -> 1075051 | JW21: 22754 | JX21: 19207 | JY21: 3547 | JZ21: =(JY21/JQ21)*100 -> 0.33103003 | KA21: =KF21-KI21 -> 1077060 | KB21: 22425 | KC21: 20416 | KD21: 2009 | KE21: =(KD21/JV21)*100 -> 0.18687486 | KF21: =KK21-KN21 -> 1078297 | KG21: 19357 | KH21: 18120 | KI21: 1237 | KJ21: =(KI21/KA21)*100 -> 0.11484968 | KK21: =KP21-KS21 -> 1076714 | KL21: 14296 | KM21: 15879 | KN21: -1583 | KO21: =(KN21/KF21)*100 -> -0.14680556 | KP21: =KU21-KX21 -> 1076788 | KQ21: 20547 | KR21: 20473 | KS21: 74 | KT21: =(KS21/KK21)*100 -> 0.0068727629 | KU21: =KZ21-LC21 -> 1080121 | KV21: 23547 | KW21: 20214 | KX21: 3333 | KY21: =(KX21/KP21)*100 -> 0.30953168 | KZ21: =LE21-LH21 -> 1081117 | LA21: 20646 | LB21: 19650 | LC21: 996 | LD21: =(LC21/KU21)*100 -> 0.092211891 | LE21: =LJ21-LM21 -> 1082873 | LF21: 22177 | LG21: 20421 | LH21: 1756 | LI21: =(LH21/KZ21)*100 -> 0.1624246 | LJ21: =LO21-LR21 -> 1083696 | LK21: 21866 | LL21: 21043 | LM21: 823 | LN21: =(LM21/LE21)*100 -> 0.076001526 | LO21: =LT21-LW21 -> 1085462 | LP21: 22191 | LQ21: 20425 | LR21: 1766 | LS21: =(LR21/LJ21)*100 -> 0.16296083 | LT21: =LY21-MB21 -> 1087150 | LU21: 23729 | LV21: 22041 | LW21: 1688 | LX21: =(LW21/LO21)*100 -> 0.15550982 | LY21: =MD21-MG21 -> 1088047 | LZ21: 21789 | MA21: 20892 | MB21: 897 | MC21: =(MB21/LT21)*100 -> 0.082509313 | MD21: =MI21-ML21 -> 1088381 | ME21: 21542 | MF21: 21208 | MG21: 334 | MH21: =(MG21/LY21)*100 -> 0.030697203 | MI21: =MN21-MQ21 -> 1089253 | MJ21: 21554 | MK21: 20682 | ML21: 872 | MM21: =(ML21/MD21)*100 -> 0.080119002 | MN21: =MS21-MV21 -> 1090331 | MO21: 19138 | MP21: 18060 | MQ21: 1078 | MR21: =(MQ21/MI21)*100 -> 0.098966907 | MS21: 1087873 | MT21: 14165 | MU21: 16623 | MV21: -2458 | MW21: =(MV21/MN21)*100 -> -0.22543613 | MX21: =MS21+NA21 -> 1087070 | MY21: 20191 | MZ21: 20994 | NA21: -803 | NB21: -0.073597677 | NC21: =MX21+NF21 -> 1086862 | ND21: 18992 | NE21: 19200 | NF21: -208 | NG21: =(NF21/NC21)*100 -> -0.019137664 | NH21: =NC21+NK21 -> 1087869 | NI21: 23127 | NJ21: 22120 | NK21: 1007 | NL21: =(NK21/NH21)*100 -> 0.092566292 | NM21: =NH21+NP21 -> 1087711 | NN21: 21902 | NO21: 22060 | NP21: -158 | NQ21: -0.014522633 | NR21: =NM21+NU21 -> 1087778 | NS21: 20690 | NT21: 20623 | NU21: 67 | NV21: 0.006159815 | NW21: =NR21+NZ21 -> 1088539 | NX21: 21209 | NY21: 20448 | NZ21: 761 | OA21: 0.069955461 | OB21: =NW21+OE21 -> 1087925 | OC21: 20863 | OD21: 21477 | OE21: -614 | OF21: -0.05641 | OG21: =SUM(ND21,MY21,NI21,NN21,NS21,NX21,OC21) -> 146974 | OH21: =SUM(NE21,MZ21,NJ21,NO21,NT21,NY21,OD21) -> 146922 | OI21: =SUM(NF21,NA21,NK21,NP21,NU21,NZ21,OE21) -> 52 | OJ21: =(OI21/MS21)*100 -> 0.0047799697 | OK21: =SUM(MT21,MO21,MJ21,ME21,LZ21,MY21,ND21,NI21,NN21,NS21,NX21,OC21) -> 245162 | OL21: =SUM(MU21,MP21,MK21,MF21,MA21,MZ21,NE21,NJ21,NO21,NT21,NY21,OD21) -> 244387 | OM21: =SUM(MV21,MQ21,ML21,MG21,MB21,NA21,NF21,NK21,NP21,NU21,NZ21,OE21) -> 775 | ON21: =OM21/(OB21-OM21)*100 -> 0.071287311
B22: Atividades Imobiliárias | C22: =G22-J22 -> 158054 | D22: 5654 | E22: 4591 | F22: 1063 | G22: =L22-O22 -> 159150 | H22: 5649 | I22: 4553 | J22: 1096 | K22: =(J22/C22)*100 -> 0.69343389 | L22: =Q22-T22 -> 159162 | M22: 5085 | N22: 5073 | O22: 12 | P22: =(O22/G22)*100 -> 0.0075400566 | Q22: =V22-Y22 -> 155556 | R22: 1678 | S22: 5284 | T22: -3606 | U22: =(T22/L22)*100 -> -2.2656162 | V22: =AA22-AD22 -> 153942 | W22: 2353 | X22: 3967 | Y22: -1614 | Z22: =(Y22/Q22)*100 -> -1.0375685 | AA22: =AF22-AI22 -> 153479 | AB22: 2907 | AC22: 3370 | AD22: -463 | AE22: =(AD22/V22)*100 -> -0.30076262 | AF22: =AK22-AN22 -> 154128 | AG22: 4181 | AH22: 3532 | AI22: 649 | AJ22: =(AI22/AA22)*100 -> 0.42285915 | AK22: =AP22-AS22 -> 155130 | AL22: 4479 | AM22: 3477 | AN22: 1002 | AO22: =(AN22/AF22)*100 -> 0.650109 | AP22: =AU22-AX22 -> 156389 | AQ22: 5094 | AR22: 3835 | AS22: 1259 | AT22: =(AS22/AK22)*100 -> 0.81157739 | AU22: =AZ22-BC22 -> 158020 | AV22: 5699 | AW22: 4068 | AX22: 1631 | AY22: =(AX22/AP22)*100 -> 1.0429122 | AZ22: =BE22-BH22 -> 159717 | BA22: 5333 | BB22: 3636 | BC22: 1697 | BD22: =(BC22/AU22)*100 -> 1.0739147 | BE22: =BJ22-BM22 -> 160425 | BF22: 4604 | BG22: 3896 | BH22: 708 | BI22: =(BH22/AZ22)*100 -> 0.44328406 | BJ22: =BO22-BR22 -> 162426 | BK22: 6204 | BL22: 4203 | BM22: 2001 | BN22: =(BM22/BE22)*100 -> 1.2473118 | BO22: =BT22-BW22 -> 164167 | BP22: 6402 | BQ22: 4661 | BR22: 1741 | BS22: =(BR22/BJ22)*100 -> 1.0718727 | BT22: =BY22-CB22 -> 165698 | BU22: 6198 | BV22: 4667 | BW22: 1531 | BX22: =(BW22/BO22)*100 -> 0.93258694 | BY22: =CD22-CG22 -> 167157 | BZ22: 5640 | CA22: 4181 | CB22: 1459 | CC22: =(CB22/BT22)*100 -> 0.88051757 | CD22: =CI22-CL22 -> 168498 | CE22: 6156 | CF22: 4815 | CG22: 1341 | CH22: =(CG22/BY22)*100 -> 0.80223981 | CI22: =CN22-CQ22 -> 170254 | CJ22: 6521 | CK22: 4765 | CL22: 1756 | CM22: =(CL22/CD22)*100 -> 1.0421489 | CN22: =CS22-CV22 -> 171926 | CO22: 6551 | CP22: 4879 | CQ22: 1672 | CR22: =(CQ22/CI22)*100 -> 0.9820621 | CS22: =CX22-DA22 -> 173667 | CT22: 7029 | CU22: 5288 | CV22: 1741 | CW22: =(CV22/CN22)*100 -> 1.012645 | CX22: =DC22-DF22 -> 175208 | CY22: 7114 | CZ22: 5573 | DA22: 1541 | DB22: =(DA22/CS22)*100 -> 0.88733035 | DC22: =DH22-DK22 -> 176265 | DD22: 6731 | DE22: 5674 | DF22: 1057 | DG22: =(DF22/CX22)*100 -> 0.60328296 | DH22: =DM22-DP22 -> 178045 | DI22: 6939 | DJ22: 5159 | DK22: 1780 | DL22: =(DK22/DC22)*100 -> 1.0098431 | DM22: =DR22-DU22 -> 178019 | DN22: 5617 | DO22: 5643 | DP22: -26 | DQ22: =(DP22/DH22)*100 -> -0.01460305 | DR22: =DW22-DZ22 -> 179085 | DS22: 6998 | DT22: 5932 | DU22: 1066 | DV22: =(DU22/DM22)*100 -> 0.59881249 | DW22: =EB22-EE22 -> 180461 | DX22: 7918 | DY22: 6542 | DZ22: 1376 | EA22: =(DZ22/DR22)*100 -> 0.76835022 | EB22: =EG22-EJ22 -> 181760 | EC22: 8117 | ED22: 6818 | EE22: 1299 | EF22: =(EE22/DW22)*100 -> 0.71982312 | EG22: =EL22-EO22 -> 182812 | EH22: 7526 | EI22: 6474 | EJ22: 1052 | EK22: =(EJ22/EB22)*100 -> 0.57878521 | EL22: =EQ22-ET22 -> 183537 | EM22: 7715 | EN22: 6990 | EO22: 725 | EP22: =(EO22/EG22)*100 -> 0.39658228 | EQ22: =EV22-EY22 -> 184018 | ER22: 7107 | ES22: 6626 | ET22: 481 | EU22: =(ET22/EL22)*100 -> 0.2620725 | EV22: =FA22-FD22 -> 184069 | EW22: 7187 | EX22: 7136 | EY22: 51 | EZ22: =(EY22/EQ22)*100 -> 0.02771468 | FA22: =FF22-FI22 -> 184717 | FB22: 7546 | FC22: 6898 | FD22: 648 | FE22: =(FD22/EV22)*100 -> 0.3520419 | FF22: =FK22-FN22 -> 185357 | FG22: 6880 | FH22: 6240 | FI22: 640 | FJ22: =(FI22/FA22)*100 -> 0.34647596 | FK22: =FP22-FS22 -> 186107 | FL22: 6567 | FM22: 5817 | FN22: 750 | FO22: =(FN22/FF22)*100 -> 0.40462459 | FP22: =FU22-FX22 -> 186243 | FQ22: 6055 | FR22: 5919 | FS22: 136 | FT22: =(FS22/FK22)*100 -> 0.073076241 | FU22: =FZ22-GC22 -> 185300 | FV22: 4802 | FW22: 5745 | FX22: -943 | FY22: =(FX22/FP22)*100 -> -0.50632775 | FZ22: =GE22-GH22 -> 185503 | GA22: 6948 | GB22: 6745 | GC22: 203 | GD22: =(GC22/FU22)*100 -> 0.10955208 | GE22: =GJ22-GM22 -> 185887 | GF22: 6753 | GG22: 6369 | GH22: 384 | GI22: =(GH22/FZ22)*100 -> 0.20700474 | GJ22: =GO22-GR22 -> 186527 | GK22: 8282 | GL22: 7642 | GM22: 640 | GN22: =(GM22/GE22)*100 -> 0.34429519 | GO22: =GT22-GW22 -> 187185 | GP22: 7115 | GQ22: 6457 | GR22: 658 | GS22: =(GR22/GJ22)*100 -> 0.35276394 | GT22: =GY22-HB22 -> 187658 | GU22: 7530 | GV22: 7057 | GW22: 473 | GX22: =(GW22/GO22)*100 -> 0.25269119 | GY22: =HD22-HG22 -> 188004 | GZ22: 7203 | HA22: 6857 | HB22: 346 | HC22: =(HB22/GT22)*100 -> 0.18437796 | HD22: =HI22-HL22 -> 188530 | HE22: 7074 | HF22: 6548 | HG22: 526 | HH22: =(HG22/GY22)*100 -> 0.27978128 | HI22: =HN22-HQ22 -> 188919 | HJ22: 7716 | HK22: 7327 | HL22: 389 | HM22: =(HL22/HD22)*100 -> 0.20633321 | HN22: =HS22-HV22 -> 189656 | HO22: 6996 | HP22: 6259 | HQ22: 737 | HR22: =(HQ22/HI22)*100 -> 0.39011428 | HS22: =HX22-IA22 -> 189857 | HT22: 6788 | HU22: 6587 | HV22: 201 | HW22: =(HV22/HN22)*100 -> 0.10598136 | HX22: =IC22-IF22 -> 190188 | HY22: 6748 | HZ22: 6417 | IA22: 331 | IB22: =(IA22/HS22)*100 -> 0.17434174 | IC22: =IH22-IK22 -> 189633 | ID22: 5391 | IE22: 5946 | IF22: -555 | IG22: =(IF22/HX22)*100 -> -0.29181652 | IH22: =IM22-IP22 -> 190099 | II22: 7311 | IJ22: 6845 | IK22: 466 | IL22: =(IK22/IC22)*100 -> 0.24573782 | IM22: =IR22-IU22 -> 190900 | IN22: 7697 | IO22: 6896 | IP22: 801 | IQ22: =(IP22/IH22)*100 -> 0.4213594 | IR22: =IW22-IZ22 -> 191802 | IS22: 8202 | IT22: 7300 | IU22: 902 | IV22: =(IU22/IM22)*100 -> 0.47249869 | IW22: =JB22-JE22 -> 193024 | IX22: 8397 | IY22: 7175 | IZ22: 1222 | JA22: =(IZ22/IR22)*100 -> 0.63711536 | JB22: =JG22-JJ22 -> 193149 | JC22: 7513 | JD22: 7388 | JE22: 125 | JF22: =(JE22/IW22)*100 -> 0.064758786 | JG22: =JL22-JO22 -> 193867 | JH22: 7441 | JI22: 6723 | JJ22: 718 | JK22: =(JJ22/JB22)*100 -> 0.37173374 | JL22: =JQ22-JT22 -> 194392 | JM22: 7579 | JN22: 7054 | JO22: 525 | JP22: =(JO22/JG22)*100 -> 0.27080421 | JQ22: =JV22-JY22 -> 194766 | JR22: 7533 | JS22: 7159 | JT22: 374 | JU22: =(JT22/JL22)*100 -> 0.19239475 | JV22: =KA22-KD22 -> 195642 | JW22: 7556 | JX22: 6680 | JY22: 876 | JZ22: =(JY22/JQ22)*100 -> 0.44977049 | KA22: =KF22-KI22 -> 196012 | KB22: 7909 | KC22: 7539 | KD22: 370 | KE22: =(KD22/JV22)*100 -> 0.18912095 | KF22: =KK22-KN22 -> 196164 | KG22: 6794 | KH22: 6642 | KI22: 152 | KJ22: =(KI22/KA22)*100 -> 0.077546273 | KK22: =KP22-KS22 -> 195555 | KL22: 5146 | KM22: 5755 | KN22: -609 | KO22: =(KN22/KF22)*100 -> -0.31045452 | KP22: =KU22-KX22 -> 196486 | KQ22: 8038 | KR22: 7107 | KS22: 931 | KT22: =(KS22/KK22)*100 -> 0.4760809 | KU22: =KZ22-LC22 -> 198210 | KV22: 9305 | KW22: 7581 | KX22: 1724 | KY22: =(KX22/KP22)*100 -> 0.8774162 | KZ22: =LE22-LH22 -> 198735 | LA22: 8167 | LB22: 7642 | LC22: 525 | LD22: =(LC22/KU22)*100 -> 0.26487059 | LE22: =LJ22-LM22 -> 200065 | LF22: 8517 | LG22: 7187 | LH22: 1330 | LI22: =(LH22/KZ22)*100 -> 0.6692329 | LJ22: =LO22-LR22 -> 200357 | LK22: 8051 | LL22: 7759 | LM22: 292 | LN22: =(LM22/LE22)*100 -> 0.14595257 | LO22: =LT22-LW22 -> 200950 | LP22: 7803 | LQ22: 7210 | LR22: 593 | LS22: =(LR22/LJ22)*100 -> 0.29597169 | LT22: =LY22-MB22 -> 201454 | LU22: 8091 | LV22: 7587 | LW22: 504 | LX22: =(LW22/LO22)*100 -> 0.25080866 | LY22: =MD22-MG22 -> 201883 | LZ22: 8020 | MA22: 7591 | MB22: 429 | MC22: =(MB22/LT22)*100 -> 0.21295184 | MD22: =MI22-ML22 -> 202457 | ME22: 7996 | MF22: 7422 | MG22: 574 | MH22: =(MG22/LY22)*100 -> 0.2843231 | MI22: =MN22-MQ22 -> 202843 | MJ22: 8134 | MK22: 7748 | ML22: 386 | MM22: =(ML22/MD22)*100 -> 0.19065777 | MN22: =MS22-MV22 -> 203131 | MO22: 7012 | MP22: 6724 | MQ22: 288 | MR22: =(MQ22/MI22)*100 -> 0.14198173 | MS22: 202089 | MT22: 5228 | MU22: 6270 | MV22: -1042 | MW22: =(MV22/MN22)*100 -> -0.51296946 | MX22: =MS22+NA22 -> 202687 | MY22: 7923 | MZ22: 7325 | NA22: 598 | NB22: 0.28870061 | NC22: =MX22+NF22 -> 203152 | ND22: 8004 | NE22: 7539 | NF22: 465 | NG22: =(NF22/NC22)*100 -> 0.22889265 | NH22: =NC22+NK22 -> 204320 | NI22: 9125 | NJ22: 7957 | NK22: 1168 | NL22: =(NK22/NH22)*100 -> 0.57165231 | NM22: =NH22+NP22 -> 204989 | NN22: 8376 | NO22: 7707 | NP22: 669 | NQ22: 0.32731062 | NR22: =NM22+NU22 -> 205155 | NS22: 7805 | NT22: 7639 | NU22: 166 | NV22: 0.080951914 | NW22: =NR22+NZ22 -> 205631 | NX22: 7969 | NY22: 7493 | NZ22: 476 | OA22: 0.23186147 | OB22: =NW22+OE22 -> 205666 | OC22: 8010 | OD22: 7975 | OE22: 35 | OF22: 0.017007 | OG22: =SUM(ND22,MY22,NI22,NN22,NS22,NX22,OC22) -> 57212 | OH22: =SUM(NE22,MZ22,NJ22,NO22,NT22,NY22,OD22) -> 53635 | OI22: =SUM(NF22,NA22,NK22,NP22,NU22,NZ22,OE22) -> 3577 | OJ22: =(OI22/MS22)*100 -> 1.7700122 | OK22: =SUM(MT22,MO22,MJ22,ME22,LZ22,MY22,ND22,NI22,NN22,NS22,NX22,OC22) -> 93602 | OL22: =SUM(MU22,MP22,MK22,MF22,MA22,MZ22,NE22,NJ22,NO22,NT22,NY22,OD22) -> 89390 | OM22: =SUM(MV22,MQ22,ML22,MG22,MB22,NA22,NF22,NK22,NP22,NU22,NZ22,OE22) -> 4212 | ON22: =OM22/(OB22-OM22)*100 -> 2.0907999
B23: Atividades Profissionais, Científicas e Técnicas | C23: =G23-J23 -> 1170569 | D23: 48125 | E23: 39035 | F23: 9090 | G23: =L23-O23 -> 1177704 | H23: 45017 | I23: 37882 | J23: 7135 | K23: =(J23/C23)*100 -> 0.60953263 | L23: =Q23-T23 -> 1175682 | M23: 44777 | N23: 46799 | O23: -2022 | P23: =(O23/G23)*100 -> -0.17169 | Q23: =V23-Y23 -> 1153097 | R23: 18259 | S23: 40844 | T23: -22585 | U23: =(T23/L23)*100 -> -1.9210127 | V23: =AA23-AD23 -> 1142292 | W23: 21485 | X23: 32290 | Y23: -10805 | Z23: =(Y23/Q23)*100 -> -0.93704172 | AA23: =AF23-AI23 -> 1138403 | AB23: 26518 | AC23: 30407 | AD23: -3889 | AE23: =(AD23/V23)*100 -> -0.34045586 | AF23: =AK23-AN23 -> 1144065 | AG23: 35063 | AH23: 29401 | AI23: 5662 | AJ23: =(AI23/AA23)*100 -> 0.49736341 | AK23: =AP23-AS23 -> 1156831 | AL23: 43322 | AM23: 30556 | AN23: 12766 | AO23: =(AN23/AF23)*100 -> 1.1158457 | AP23: =AU23-AX23 -> 1169164 | AQ23: 45533 | AR23: 33200 | AS23: 12333 | AT23: =(AS23/AK23)*100 -> 1.0661021 | AU23: =AZ23-BC23 -> 1188704 | AV23: 55301 | AW23: 35761 | AX23: 19540 | AY23: =(AX23/AP23)*100 -> 1.6712796 | AZ23: =BE23-BH23 -> 1202077 | BA23: 49014 | BB23: 35641 | BC23: 13373 | BD23: =(BC23/AU23)*100 -> 1.1250067 | BE23: =BJ23-BM23 -> 1198674 | BF23: 37908 | BG23: 41311 | BH23: -3403 | BI23: =(BH23/AZ23)*100 -> -0.28309335 | BJ23: =BO23-BR23 -> 1216789 | BK23: 56218 | BL23: 38103 | BM23: 18115 | BN23: =(BM23/BE23)*100 -> 1.5112533 | BO23: =BT23-BW23 -> 1232290 | BP23: 56608 | BQ23: 41107 | BR23: 15501 | BS23: =(BR23/BJ23)*100 -> 1.2739267 | BT23: =BY23-CB23 -> 1248492 | BU23: 61028 | BV23: 44826 | BW23: 16202 | BX23: =(BW23/BO23)*100 -> 1.3147879 | BY23: =CD23-CG23 -> 1260764 | BZ23: 55510 | CA23: 43238 | CB23: 12272 | CC23: =(CB23/BT23)*100 -> 0.98294583 | CD23: =CI23-CL23 -> 1275476 | CE23: 60127 | CF23: 45415 | CG23: 14712 | CH23: =(CG23/BY23)*100 -> 1.1669115 | CI23: =CN23-CQ23 -> 1290372 | CJ23: 59421 | CK23: 44525 | CL23: 14896 | CM23: =(CL23/CD23)*100 -> 1.1678777 | CN23: =CS23-CV23 -> 1304243 | CO23: 62309 | CP23: 48438 | CQ23: 13871 | CR23: =(CQ23/CI23)*100 -> 1.0749613 | CS23: =CX23-DA23 -> 1319539 | CT23: 64957 | CU23: 49661 | CV23: 15296 | CW23: =(CV23/CN23)*100 -> 1.1727876 | CX23: =DC23-DF23 -> 1333097 | CY23: 64625 | CZ23: 51067 | DA23: 13558 | DB23: =(DA23/CS23)*100 -> 1.0274801 | DC23: =DH23-DK23 -> 1343775 | DD23: 64896 | DE23: 54218 | DF23: 10678 | DG23: =(DF23/CX23)*100 -> 0.80099198 | DH23: =DM23-DP23 -> 1357572 | DI23: 64444 | DJ23: 50647 | DK23: 13797 | DL23: =(DK23/DC23)*100 -> 1.0267344 | DM23: =DR23-DU23 -> 1350109 | DN23: 50565 | DO23: 58028 | DP23: -7463 | DQ23: =(DP23/DH23)*100 -> -0.54973143 | DR23: =DW23-DZ23 -> 1363009 | DS23: 68337 | DT23: 55437 | DU23: 12900 | DV23: =(DU23/DM23)*100 -> 0.95547841 | DW23: =EB23-EE23 -> 1376709 | DX23: 69730 | DY23: 56030 | DZ23: 13700 | EA23: =(DZ23/DR23)*100 -> 1.0051291 | EB23: =EG23-EJ23 -> 1389915 | EC23: 75264 | ED23: 62058 | EE23: 13206 | EF23: =(EE23/DW23)*100 -> 0.95924411 | EG23: =EL23-EO23 -> 1400672 | EH23: 69844 | EI23: 59087 | EJ23: 10757 | EK23: =(EJ23/EB23)*100 -> 0.77393222 | EL23: =EQ23-ET23 -> 1412692 | EM23: 71266 | EN23: 59246 | EO23: 12020 | EP23: =(EO23/EG23)*100 -> 0.85815951 | EQ23: =EV23-EY23 -> 1424030 | ER23: 67870 | ES23: 56532 | ET23: 11338 | EU23: =(ET23/EL23)*100 -> 0.80258117 | EV23: =FA23-FD23 -> 1433575 | EW23: 67349 | EX23: 57804 | EY23: 9545 | EZ23: =(EY23/EQ23)*100 -> 0.67028082 | FA23: =FF23-FI23 -> 1446607 | FB23: 74346 | FC23: 61314 | FD23: 13032 | FE23: =(FD23/EV23)*100 -> 0.90905603 | FF23: =FK23-FN23 -> 1456281 | FG23: 72077 | FH23: 62403 | FI23: 9674 | FJ23: =(FI23/FA23)*100 -> 0.66873726 | FK23: =FP23-FS23 -> 1466258 | FL23: 67654 | FM23: 57677 | FN23: 9977 | FO23: =(FN23/FF23)*100 -> 0.6851013 | FP23: =FU23-FX23 -> 1475694 | FQ23: 64826 | FR23: 55390 | FS23: 9436 | FT23: =(FS23/FK23)*100 -> 0.64354295 | FU23: =FZ23-GC23 -> 1464960 | FV23: 49306 | FW23: 60040 | FX23: -10734 | FY23: =(FX23/FP23)*100 -> -0.72738657 | FZ23: =GE23-GH23 -> 1474710 | GA23: 72463 | GB23: 62713 | GC23: 9750 | GD23: =(GC23/FU23)*100 -> 0.66554718 | GE23: =GJ23-GM23 -> 1482963 | GF23: 66682 | GG23: 58429 | GH23: 8253 | GI23: =(GH23/FZ23)*100 -> 0.55963545 | GJ23: =GO23-GR23 -> 1492798 | GK23: 79286 | GL23: 69451 | GM23: 9835 | GN23: =(GM23/GE23)*100 -> 0.66319928 | GO23: =GT23-GW23 -> 1500415 | GP23: 66151 | GQ23: 58534 | GR23: 7617 | GS23: =(GR23/GJ23)*100 -> 0.51024988 | GT23: =GY23-HB23 -> 1504646 | GU23: 70531 | GV23: 66300 | GW23: 4231 | GX23: =(GW23/GO23)*100 -> 0.28198865 | GY23: =HD23-HG23 -> 1510795 | GZ23: 69363 | HA23: 63214 | HB23: 6149 | HC23: =(HB23/GT23)*100 -> 0.40866755 | HD23: =HI23-HL23 -> 1517190 | HE23: 69426 | HF23: 63031 | HG23: 6395 | HH23: =(HG23/GY23)*100 -> 0.42328708 | HI23: =HN23-HQ23 -> 1523432 | HJ23: 75992 | HK23: 69750 | HL23: 6242 | HM23: =(HL23/HD23)*100 -> 0.41141848 | HN23: =HS23-HV23 -> 1532084 | HO23: 69610 | HP23: 60958 | HQ23: 8652 | HR23: =(HQ23/HI23)*100 -> 0.5679282 | HS23: =HX23-IA23 -> 1538727 | HT23: 69824 | HU23: 63181 | HV23: 6643 | HW23: =(HV23/HN23)*100 -> 0.43359241 | HX23: =IC23-IF23 -> 1544312 | HY23: 66777 | HZ23: 61192 | IA23: 5585 | IB23: =(IA23/HS23)*100 -> 0.36296237 | IC23: =IH23-IK23 -> 1533206 | ID23: 51446 | IE23: 62552 | IF23: -11106 | IG23: =(IF23/HX23)*100 -> -0.7191552 | IH23: =IM23-IP23 -> 1545350 | II23: 78053 | IJ23: 65909 | IK23: 12144 | IL23: =(IK23/IC23)*100 -> 0.79206578 | IM23: =IR23-IU23 -> 1553277 | IN23: 75671 | IO23: 67744 | IP23: 7927 | IQ23: =(IP23/IH23)*100 -> 0.51295823 | IR23: =IW23-IZ23 -> 1563377 | IS23: 80657 | IT23: 70557 | IU23: 10100 | IV23: =(IU23/IM23)*100 -> 0.65023817 | IW23: =JB23-JE23 -> 1572666 | IX23: 82589 | IY23: 73300 | IZ23: 9289 | JA23: =(IZ23/IR23)*100 -> 0.59416251 | JB23: =JG23-JJ23 -> 1575354 | JC23: 75535 | JD23: 72847 | JE23: 2688 | JF23: =(JE23/IW23)*100 -> 0.17091995 | JG23: =JL23-JO23 -> 1581570 | JH23: 73534 | JI23: 67318 | JJ23: 6216 | JK23: =(JJ23/JB23)*100 -> 0.39457798 | JL23: =JQ23-JT23 -> 1589907 | JM23: 81535 | JN23: 73198 | JO23: 8337 | JP23: =(JO23/JG23)*100 -> 0.52713443 | JQ23: =JV23-JY23 -> 1599465 | JR23: 80782 | JS23: 71224 | JT23: 9558 | JU23: =(JT23/JL23)*100 -> 0.60116724 | JV23: =KA23-KD23 -> 1609232 | JW23: 79323 | JX23: 69556 | JY23: 9767 | JZ23: =(JY23/JQ23)*100 -> 0.61064168 | KA23: =KF23-KI23 -> 1614853 | KB23: 79651 | KC23: 74030 | KD23: 5621 | KE23: =(KD23/JV23)*100 -> 0.34929706 | KF23: =KK23-KN23 -> 1618371 | KG23: 68549 | KH23: 65031 | KI23: 3518 | KJ23: =(KI23/KA23)*100 -> 0.21785265 | KK23: =KP23-KS23 -> 1606536 | KL23: 51040 | KM23: 62875 | KN23: -11835 | KO23: =(KN23/KF23)*100 -> -0.73129091 | KP23: =KU23-KX23 -> 1617463 | KQ23: 85101 | KR23: 74174 | KS23: 10927 | KT23: =(KS23/KK23)*100 -> 0.68015905 | KU23: =KZ23-LC23 -> 1631697 | KV23: 89674 | KW23: 75440 | KX23: 14234 | KY23: =(KX23/KP23)*100 -> 0.88002013 | KZ23: =LE23-LH23 -> 1639557 | LA23: 81948 | LB23: 74088 | LC23: 7860 | LD23: =(LC23/KU23)*100 -> 0.48170708 | LE23: =LJ23-LM23 -> 1650786 | LF23: 84696 | LG23: 73467 | LH23: 11229 | LI23: =(LH23/KZ23)*100 -> 0.68488012 | LJ23: =LO23-LR23 -> 1657535 | LK23: 82564 | LL23: 75815 | LM23: 6749 | LN23: =(LM23/LE23)*100 -> 0.40883555 | LO23: =LT23-LW23 -> 1667257 | LP23: 79312 | LQ23: 69590 | LR23: 9722 | LS23: =(LR23/LJ23)*100 -> 0.58653362 | LT23: =LY23-MB23 -> 1675643 | LU23: 86036 | LV23: 77650 | LW23: 8386 | LX23: =(LW23/LO23)*100 -> 0.50298184 | LY23: =MD23-MG23 -> 1684249 | LZ23: 85450 | MA23: 76844 | MB23: 8606 | MC23: =(MB23/LT23)*100 -> 0.51359389 | MD23: =MI23-ML23 -> 1696372 | ME23: 87332 | MF23: 75209 | MG23: 12123 | MH23: =(MG23/LY23)*100 -> 0.71978668 | MI23: =MN23-MQ23 -> 1704444 | MJ23: 86901 | MK23: 78829 | ML23: 8072 | MM23: =(ML23/MD23)*100 -> 0.47583903 | MN23: =MS23-MV23 -> 1710017 | MO23: 74620 | MP23: 69047 | MQ23: 5573 | MR23: =(MQ23/MI23)*100 -> 0.32696879 | MS23: 1692070 | MT23: 53965 | MU23: 71912 | MV23: -17947 | MW23: =(MV23/MN23)*100 -> -1.0495217 | MX23: =MS23+NA23 -> 1705112 | MY23: 85684 | MZ23: 72642 | NA23: 13042 | NB23: 0.76598066 | NC23: =MX23+NF23 -> 1713634 | ND23: 84180 | NE23: 75658 | NF23: 8522 | NG23: =(NF23/NC23)*100 -> 0.49730573 | NH23: =NC23+NK23 -> 1725781 | NI23: 94443 | NJ23: 82296 | NK23: 12147 | NL23: =(NK23/NH23)*100 -> 0.70385524 | NM23: =NH23+NP23 -> 1729645 | NN23: 83814 | NO23: 79950 | NP23: 3864 | NQ23: 0.2238697 | NR23: =NM23+NU23 -> 1730616 | NS23: 79236 | NT23: 78265 | NU23: 971 | NV23: 0.05616473 | NW23: =NR23+NZ23 -> 1735262 | NX23: 80658 | NY23: 76012 | NZ23: 4646 | OA23: 0.26851037 | OB23: =NW23+OE23 -> 1741051 | OC23: 83557 | OD23: 77768 | OE23: 5789 | OF23: 0.333576 | OG23: =SUM(ND23,MY23,NI23,NN23,NS23,NX23,OC23) -> 591572 | OH23: =SUM(NE23,MZ23,NJ23,NO23,NT23,NY23,OD23) -> 542591 | OI23: =SUM(NF23,NA23,NK23,NP23,NU23,NZ23,OE23) -> 48981 | OJ23: =(OI23/MS23)*100 -> 2.8947384 | OK23: =SUM(MT23,MO23,MJ23,ME23,LZ23,MY23,ND23,NI23,NN23,NS23,NX23,OC23) -> 979840 | OL23: =SUM(MU23,MP23,MK23,MF23,MA23,MZ23,NE23,NJ23,NO23,NT23,NY23,OD23) -> 914432 | OM23: =SUM(MV23,MQ23,ML23,MG23,MB23,NA23,NF23,NK23,NP23,NU23,NZ23,OE23) -> 65408 | ON23: =OM23/(OB23-OM23)*100 -> 3.9034568
B24: Atividades Administrativas e Serviços Complementares | C24: =G24-J24 -> 4689386 | D24: 216781 | E24: 208509 | F24: 8272 | G24: =L24-O24 -> 4704905 | H24: 210762 | I24: 195243 | J24: 15519 | K24: =(J24/C24)*100 -> 0.33093885 | L24: =Q24-T24 -> 4668914 | M24: 220710 | N24: 256701 | O24: -35991 | P24: =(O24/G24)*100 -> -0.76496762 | Q24: =V24-Y24 -> 4577723 | R24: 126071 | S24: 217262 | T24: -91191 | U24: =(T24/L24)*100 -> -1.9531523 | V24: =AA24-AD24 -> 4557124 | W24: 140267 | X24: 160866 | Y24: -20599 | Z24: =(Y24/Q24)*100 -> -0.44998354 | AA24: =AF24-AI24 -> 4572247 | AB24: 167005 | AC24: 151882 | AD24: 15123 | AE24: =(AD24/V24)*100 -> 0.33185404 | AF24: =AK24-AN24 -> 4582552 | AG24: 138055 | AH24: 127750 | AI24: 10305 | AJ24: =(AI24/AA24)*100 -> 0.22538152 | AK24: =AP24-AS24 -> 4616550 | AL24: 202485 | AM24: 168487 | AN24: 33998 | AO24: =(AN24/AF24)*100 -> 0.74190102 | AP24: =AU24-AX24 -> 4658554 | AQ24: 227405 | AR24: 185401 | AS24: 42004 | AT24: =(AS24/AK24)*100 -> 0.90985693 | AU24: =AZ24-BC24 -> 4728115 | AV24: 266338 | AW24: 196777 | AX24: 69561 | AY24: =(AX24/AP24)*100 -> 1.4931887 | AZ24: =BE24-BH24 -> 4812260 | BA24: 274391 | BB24: 190246 | BC24: 84145 | BD24: =(BC24/AU24)*100 -> 1.7796733 | BE24: =BJ24-BM24 -> 4817321 | BF24: 243467 | BG24: 238406 | BH24: 5061 | BI24: =(BH24/AZ24)*100 -> 0.10516888 | BJ24: =BO24-BR24 -> 4841388 | BK24: 250455 | BL24: 226388 | BM24: 24067 | BN24: =(BM24/BE24)*100 -> 0.49959303 | BO24: =BT24-BW24 -> 4883073 | BP24: 258222 | BQ24: 216537 | BR24: 41685 | BS24: =(BR24/BJ24)*100 -> 0.86101341 | BT24: =BY24-CB24 -> 4903601 | BU24: 255080 | BV24: 234552 | BW24: 20528 | BX24: =(BW24/BO24)*100 -> 0.42039101 | BY24: =CD24-CG24 -> 4907417 | BZ24: 220209 | CA24: 216393 | CB24: 3816 | CC24: =(CB24/BT24)*100 -> 0.077820361 | CD24: =CI24-CL24 -> 4934261 | CE24: 249665 | CF24: 222821 | CG24: 26844 | CH24: =(CG24/BY24)*100 -> 0.54700874 | CI24: =CN24-CQ24 -> 4967174 | CJ24: 254643 | CK24: 221730 | CL24: 32913 | CM24: =(CL24/CD24)*100 -> 0.66702998 | CN24: =CS24-CV24 -> 5004313 | CO24: 264970 | CP24: 227831 | CQ24: 37139 | CR24: =(CQ24/CI24)*100 -> 0.74768873 | CS24: =CX24-DA24 -> 5049457 | CT24: 286727 | CU24: 241583 | CV24: 45144 | CW24: =(CV24/CN24)*100 -> 0.90210185 | CX24: =DC24-DF24 -> 5082993 | CY24: 276415 | CZ24: 242879 | DA24: 33536 | DB24: =(DA24/CS24)*100 -> 0.66415062 | DC24: =DH24-DK24 -> 5126048 | DD24: 291994 | DE24: 248939 | DF24: 43055 | DG24: =(DF24/CX24)*100 -> 0.84704032 | DH24: =DM24-DP24 -> 5198954 | DI24: 312965 | DJ24: 240059 | DK24: 72906 | DL24: =(DK24/DC24)*100 -> 1.4222653 | DM24: =DR24-DU24 -> 5182587 | DN24: 281463 | DO24: 297830 | DP24: -16367 | DQ24: =(DP24/DH24)*100 -> -0.31481333 | DR24: =DW24-DZ24 -> 5216745 | DS24: 306583 | DT24: 272425 | DU24: 34158 | DV24: =(DU24/DM24)*100 -> 0.65909169 | DW24: =EB24-EE24 -> 5248039 | DX24: 304602 | DY24: 273308 | DZ24: 31294 | EA24: =(DZ24/DR24)*100 -> 0.59987598 | EB24: =EG24-EJ24 -> 5260105 | EC24: 306371 | ED24: 294305 | EE24: 12066 | EF24: =(EE24/DW24)*100 -> 0.22991445 | EG24: =EL24-EO24 -> 5275524 | EH24: 290937 | EI24: 275518 | EJ24: 15419 | EK24: =(EJ24/EB24)*100 -> 0.29313103 | EL24: =EQ24-ET24 -> 5300727 | EM24: 301098 | EN24: 275895 | EO24: 25203 | EP24: =(EO24/EG24)*100 -> 0.47773453 | EQ24: =EV24-EY24 -> 5342376 | ER24: 303331 | ES24: 261682 | ET24: 41649 | EU24: =(ET24/EL24)*100 -> 0.78572241 | EV24: =FA24-FD24 -> 5362460 | EW24: 303041 | EX24: 282957 | EY24: 20084 | EZ24: =(EY24/EQ24)*100 -> 0.3759376 | FA24: =FF24-FI24 -> 5399530 | FB24: 329105 | FC24: 292035 | FD24: 37070 | FE24: =(FD24/EV24)*100 -> 0.69128721 | FF24: =FK24-FN24 -> 5436807 | FG24: 310914 | FH24: 273637 | FI24: 37277 | FJ24: =(FI24/FA24)*100 -> 0.6903749 | FK24: =FP24-FS24 -> 5470164 | FL24: 301852 | FM24: 268495 | FN24: 33357 | FO24: =(FN24/FF24)*100 -> 0.61354026 | FP24: =FU24-FX24 -> 5507956 | FQ24: 312311 | FR24: 274519 | FS24: 37792 | FT24: =(FS24/FK24)*100 -> 0.69087508 | FU24: =FZ24-GC24 -> 5481688 | FV24: 274576 | FW24: 300844 | FX24: -26268 | FY24: =(FX24/FP24)*100 -> -0.47691013 | FZ24: =GE24-GH24 -> 5485892 | GA24: 314350 | GB24: 310146 | GC24: 4204 | GD24: =(GC24/FU24)*100 -> 0.076691705 | GE24: =GJ24-GM24 -> 5507926 | GF24: 299190 | GG24: 277156 | GH24: 22034 | GI24: =(GH24/FZ24)*100 -> 0.40164845 | GJ24: =GO24-GR24 -> 5532299 | GK24: 349640 | GL24: 325267 | GM24: 24373 | GN24: =(GM24/GE24)*100 -> 0.44250776 | GO24: =GT24-GW24 -> 5553084 | GP24: 305164 | GQ24: 284379 | GR24: 20785 | GS24: =(GR24/GJ24)*100 -> 0.37570276 | GT24: =GY24-HB24 -> 5582938 | GU24: 333815 | GV24: 303961 | GW24: 29854 | GX24: =(GW24/GO24)*100 -> 0.53761117 | GY24: =HD24-HG24 -> 5615342 | GZ24: 319037 | HA24: 286633 | HB24: 32404 | HC24: =(HB24/GT24)*100 -> 0.58041125 | HD24: =HI24-HL24 -> 5631538 | HE24: 312196 | HF24: 296000 | HG24: 16196 | HH24: =(HG24/GY24)*100 -> 0.28842411 | HI24: =HN24-HQ24 -> 5665415 | HJ24: 342993 | HK24: 309116 | HL24: 33877 | HM24: =(HL24/HD24)*100 -> 0.60155858 | HN24: =HS24-HV24 -> 5693464 | HO24: 320635 | HP24: 292586 | HQ24: 28049 | HR24: =(HQ24/HI24)*100 -> 0.49509171 | HS24: =HX24-IA24 -> 5744819 | HT24: 349127 | HU24: 297772 | HV24: 51355 | HW24: =(HV24/HN24)*100 -> 0.9019992 | HX24: =IC24-IF24 -> 5795806 | HY24: 348124 | HZ24: 297137 | IA24: 50987 | IB24: =(IA24/HS24)*100 -> 0.88753014 | IC24: =IH24-IK24 -> 5773351 | ID24: 305082 | IE24: 327537 | IF24: -22455 | IG24: =(IF24/HX24)*100 -> -0.38743533 | IH24: =IM24-IP24 -> 5800619 | II24: 357496 | IJ24: 330228 | IK24: 27268 | IL24: =(IK24/IC24)*100 -> 0.47230802 | IM24: =IR24-IU24 -> 5837018 | IN24: 360276 | IO24: 323877 | IP24: 36399 | IQ24: =(IP24/IH24)*100 -> 0.627502 | IR24: =IW24-IZ24 -> 5868804 | IS24: 379409 | IT24: 347623 | IU24: 31786 | IV24: =(IU24/IM24)*100 -> 0.54455888 | IW24: =JB24-JE24 -> 5912584 | IX24: 383125 | IY24: 339345 | IZ24: 43780 | JA24: =(IZ24/IR24)*100 -> 0.74597823 | JB24: =JG24-JJ24 -> 5936837 | JC24: 363891 | JD24: 339638 | JE24: 24253 | JF24: =(JE24/IW24)*100 -> 0.4101929 | JG24: =JL24-JO24 -> 5972883 | JH24: 362058 | JI24: 326012 | JJ24: 36046 | JK24: =(JJ24/JB24)*100 -> 0.60715832 | JL24: =JQ24-JT24 -> 6002909 | JM24: 382331 | JN24: 352305 | JO24: 30026 | JP24: =(JO24/JG24)*100 -> 0.50270531 | JQ24: =JV24-JY24 -> 6028209 | JR24: 375227 | JS24: 349927 | JT24: 25300 | JU24: =(JT24/JL24)*100 -> 0.42146233 | JV24: =KA24-KD24 -> 6068244 | JW24: 380557 | JX24: 340522 | JY24: 40035 | JZ24: =(JY24/JQ24)*100 -> 0.6641276 | KA24: =KF24-KI24 -> 6107045 | KB24: 414059 | KC24: 375258 | KD24: 38801 | KE24: =(KD24/JV24)*100 -> 0.63941068 | KF24: =KK24-KN24 -> 6140344 | KG24: 373330 | KH24: 340031 | KI24: 33299 | KJ24: =(KI24/KA24)*100 -> 0.54525552 | KK24: =KP24-KS24 -> 6088234 | KL24: 313367 | KM24: 365477 | KN24: -52110 | KO24: =(KN24/KF24)*100 -> -0.84864952 | KP24: =KU24-KX24 -> 6102283 | KQ24: 399701 | KR24: 385652 | KS24: 14049 | KT24: =(KS24/KK24)*100 -> 0.23075657 | KU24: =KZ24-LC24 -> 6166932 | KV24: 433627 | KW24: 368978 | KX24: 64649 | KY24: =(KX24/KP24)*100 -> 1.0594232 | KZ24: =LE24-LH24 -> 6166565 | LA24: 390380 | LB24: 390747 | LC24: -367 | LD24: =(LC24/KU24)*100 -> -0.0059510953 | LE24: =LJ24-LM24 -> 6200002 | LF24: 390560 | LG24: 357123 | LH24: 33437 | LI24: =(LH24/KZ24)*100 -> 0.54223056 | LJ24: =LO24-LR24 -> 6218662 | LK24: 393464 | LL24: 374804 | LM24: 18660 | LN24: =(LM24/LE24)*100 -> 0.30096764 | LO24: =LT24-LW24 -> 6245060 | LP24: 379504 | LQ24: 353106 | LR24: 26398 | LS24: =(LR24/LJ24)*100 -> 0.42449646 | LT24: =LY24-MB24 -> 6257604 | LU24: 394747 | LV24: 382203 | LW24: 12544 | LX24: =(LW24/LO24)*100 -> 0.20086276 | LY24: =MD24-MG24 -> 6258676 | LZ24: 375665 | MA24: 374593 | MB24: 1072 | MC24: =(MB24/LT24)*100 -> 0.017131158 | MD24: =MI24-ML24 -> 6295470 | ME24: 409445 | MF24: 372651 | MG24: 36794 | MH24: =(MG24/LY24)*100 -> 0.58788792 | MI24: =MN24-MQ24 -> 6320239 | MJ24: 420388 | MK24: 395619 | ML24: 24769 | MM24: =(ML24/MD24)*100 -> 0.39344163 | MN24: =MS24-MV24 -> 6354946 | MO24: 380001 | MP24: 345294 | MQ24: 34707 | MR24: =(MQ24/MI24)*100 -> 0.54914063 | MS24: 6290249 | MT24: 316409 | MU24: 381106 | MV24: -64697 | MW24: =(MV24/MN24)*100 -> -1.0180574 | MX24: =MS24+NA24 -> 6316052 | MY24: 401512 | MZ24: 375709 | NA24: 25803 | NB24: 0.41189292 | NC24: =MX24+NF24 -> 6354024 | ND24: 411134 | NE24: 373162 | NF24: 37972 | NG24: =(NF24/NC24)*100 -> 0.59760555 | NH24: =NC24+NK24 -> 6392806 | NI24: 446027 | NJ24: 407245 | NK24: 38782 | NL24: =(NK24/NH24)*100 -> 0.60665066 | NM24: =NH24+NP24 -> 6404896 | NN24: 399874 | NO24: 387784 | NP24: 12090 | NQ24: 0.18910049 | NR24: =NM24+NU24 -> 6416309 | NS24: 396538 | NT24: 385125 | NU24: 11413 | NV24: 0.17825688 | NW24: =NR24+NZ24 -> 6442943 | NX24: 404953 | NY24: 378319 | NZ24: 26634 | OA24: 0.41523379 | OB24: =NW24+OE24 -> 6447516 | OC24: 415136 | OD24: 410563 | OE24: 4573 | OF24: 0.071017 | OG24: =SUM(ND24,MY24,NI24,NN24,NS24,NX24,OC24) -> 2875174 | OH24: =SUM(NE24,MZ24,NJ24,NO24,NT24,NY24,OD24) -> 2717907 | OI24: =SUM(NF24,NA24,NK24,NP24,NU24,NZ24,OE24) -> 157267 | OJ24: =(OI24/MS24)*100 -> 2.5001713 | OK24: =SUM(MT24,MO24,MJ24,ME24,LZ24,MY24,ND24,NI24,NN24,NS24,NX24,OC24) -> 4777082 | OL24: =SUM(MU24,MP24,MK24,MF24,MA24,MZ24,NE24,NJ24,NO24,NT24,NY24,OD24) -> 4587170 | OM24: =SUM(MV24,MQ24,ML24,MG24,MB24,NA24,NF24,NK24,NP24,NU24,NZ24,OE24) -> 189912 | ON24: =OM24/(OB24-OM24)*100 -> 3.0348996
B25: Administração pública, defesa e seguridade social, educação, saúde humana e serviços sociais | C25: =G25-J25 -> 4776487 | D25: 109618 | E25: 97563 | F25: 12055 | G25: =L25-O25 -> 4846940 | H25: 168044 | I25: 97591 | J25: 70453 | K25: =(J25/C25)*100 -> 1.4749962 | L25: =Q25-T25 -> 4870190 | M25: 120781 | N25: 97531 | O25: 23250 | P25: =(O25/G25)*100 -> 0.47968409 | Q25: =V25-Y25 -> 4849394 | R25: 69869 | S25: 90665 | T25: -20796 | U25: =(T25/L25)*100 -> -0.42700593 | V25: =AA25-AD25 -> 4838214 | W25: 65566 | X25: 76746 | Y25: -11180 | Z25: =(Y25/Q25)*100 -> -0.23054427 | AA25: =AF25-AI25 -> 4831086 | AB25: 69728 | AC25: 76856 | AD25: -7128 | AE25: =(AD25/V25)*100 -> -0.14732709 | AF25: =AK25-AN25 -> 4824250 | AG25: 77647 | AH25: 84483 | AI25: -6836 | AJ25: =(AI25/AA25)*100 -> -0.14150028 | AK25: =AP25-AS25 -> 4823685 | AL25: 87558 | AM25: 88123 | AN25: -565 | AO25: =(AN25/AF25)*100 -> -0.011711665 | AP25: =AU25-AX25 -> 4820193 | AQ25: 82083 | AR25: 85575 | AS25: -3492 | AT25: =(AS25/AK25)*100 -> -0.072392787 | AU25: =AZ25-BC25 -> 4824617 | AV25: 86422 | AW25: 81998 | AX25: 4424 | AY25: =(AX25/AP25)*100 -> 0.091780557 | AZ25: =BE25-BH25 -> 4837247 | BA25: 84824 | BB25: 72194 | BC25: 12630 | BD25: =(BC25/AU25)*100 -> 0.26178244 | BE25: =BJ25-BM25 -> 4785196 | BF25: 80036 | BG25: 132087 | BH25: -52051 | BI25: =(BH25/AZ25)*100 -> -1.0760459 | BJ25: =BO25-BR25 -> 4803794 | BK25: 115481 | BL25: 96883 | BM25: 18598 | BN25: =(BM25/BE25)*100 -> 0.38865702 | BO25: =BT25-BW25 -> 4863896 | BP25: 162056 | BQ25: 101954 | BR25: 60102 | BS25: =(BR25/BJ25)*100 -> 1.2511361 | BT25: =BY25-CB25 -> 4919551 | BU25: 162360 | BV25: 106705 | BW25: 55655 | BX25: =(BW25/BO25)*100 -> 1.1442473 | BY25: =CD25-CG25 -> 4956381 | BZ25: 128756 | CA25: 91926 | CB25: 36830 | CC25: =(CB25/BT25)*100 -> 0.74864556 | CD25: =CI25-CL25 -> 4983727 | CE25: 120118 | CF25: 92772 | CG25: 27346 | CH25: =(CG25/BY25)*100 -> 0.55173321 | CI25: =CN25-CQ25 -> 5003928 | CJ25: 120821 | CK25: 100620 | CL25: 20201 | CM25: =(CL25/CD25)*100 -> 0.40533922 | CN25: =CS25-CV25 -> 5010378 | CO25: 117064 | CP25: 110614 | CQ25: 6450 | CR25: =(CQ25/CI25)*100 -> 0.12889874 | CS25: =CX25-DA25 -> 5045262 | CT25: 152067 | CU25: 117183 | CV25: 34884 | CW25: =(CV25/CN25)*100 -> 0.69623489 | CX25: =DC25-DF25 -> 5064534 | CY25: 132171 | CZ25: 112899 | DA25: 19272 | DB25: =(DA25/CS25)*100 -> 0.38198214 | DC25: =DH25-DK25 -> 5078872 | DD25: 119350 | DE25: 105012 | DF25: 14338 | DG25: =(DF25/CX25)*100 -> 0.28310601 | DH25: =DM25-DP25 -> 5088855 | DI25: 108258 | DJ25: 98275 | DK25: 9983 | DL25: =(DK25/DC25)*100 -> 0.19655939 | DM25: =DR25-DU25 -> 5004472 | DN25: 88102 | DO25: 172485 | DP25: -84383 | DQ25: =(DP25/DH25)*100 -> -1.6581923 | DR25: =DW25-DZ25 -> 5034041 | DS25: 154184 | DT25: 124615 | DU25: 29569 | DV25: =(DU25/DM25)*100 -> 0.59085154 | DW25: =EB25-EE25 -> 5135652 | DX25: 241724 | DY25: 140113 | DZ25: 101611 | EA25: =(DZ25/DR25)*100 -> 2.0184778 | EB25: =EG25-EJ25 -> 5173511 | EC25: 180703 | ED25: 142844 | EE25: 37859 | EF25: =(EE25/DW25)*100 -> 0.73718001 | EG25: =EL25-EO25 -> 5203926 | EH25: 158679 | EI25: 128264 | EJ25: 30415 | EK25: =(EJ25/EB25)*100 -> 0.58789862 | EL25: =EQ25-ET25 -> 5228711 | EM25: 153227 | EN25: 128442 | EO25: 24785 | EP25: =(EO25/EG25)*100 -> 0.47627503 | EQ25: =EV25-EY25 -> 5243295 | ER25: 142521 | ES25: 127937 | ET25: 14584 | EU25: =(ET25/EL25)*100 -> 0.27892152 | EV25: =FA25-FD25 -> 5253600 | EW25: 143874 | EX25: 133569 | EY25: 10305 | EZ25: =(EY25/EQ25)*100 -> 0.19653672 | FA25: =FF25-FI25 -> 5291661 | FB25: 180969 | FC25: 142908 | FD25: 38061 | FE25: =(FD25/EV25)*100 -> 0.72447465 | FF25: =FK25-FN25 -> 5313220 | FG25: 143801 | FH25: 122242 | FI25: 21559 | FJ25: =(FI25/FA25)*100 -> 0.40741461 | FK25: =FP25-FS25 -> 5326756 | FL25: 123677 | FM25: 110141 | FN25: 13536 | FO25: =(FN25/FF25)*100 -> 0.25476077 | FP25: =FU25-FX25 -> 5331965 | FQ25: 108851 | FR25: 103642 | FS25: 5209 | FT25: =(FS25/FK25)*100 -> 0.097789349 | FU25: =FZ25-GC25 -> 5222114 | FV25: 83063 | FW25: 192914 | FX25: -109851 | FY25: =(FX25/FP25)*100 -> -2.0602348 | FZ25: =GE25-GH25 -> 5241577 | GA25: 159067 | GB25: 139604 | GC25: 19463 | GD25: =(GC25/FU25)*100 -> 0.37270347 | GE25: =GJ25-GM25 -> 5331958 | GF25: 227478 | GG25: 137097 | GH25: 90381 | GI25: =(GH25/FZ25)*100 -> 1.7243093 | GJ25: =GO25-GR25 -> 5376871 | GK25: 194440 | GL25: 149527 | GM25: 44913 | GN25: =(GM25/GE25)*100 -> 0.84233597 | GO25: =GT25-GW25 -> 5415009 | GP25: 159529 | GQ25: 121391 | GR25: 38138 | GS25: =(GR25/GJ25)*100 -> 0.70929728 | GT25: =GY25-HB25 -> 5441125 | GU25: 157428 | GV25: 131312 | GW25: 26116 | GX25: =(GW25/GO25)*100 -> 0.48228913 | GY25: =HD25-HG25 -> 5447253 | GZ25: 140639 | HA25: 134511 | HB25: 6128 | HC25: =(HB25/GT25)*100 -> 0.11262377 | HD25: =HI25-HL25 -> 5452001 | HE25: 140238 | HF25: 135490 | HG25: 4748 | HH25: =(HG25/GY25)*100 -> 0.0871632 | HI25: =HN25-HQ25 -> 5488113 | HJ25: 179234 | HK25: 143122 | HL25: 36112 | HM25: =(HL25/HD25)*100 -> 0.66236231 | HN25: =HS25-HV25 -> 5508496 | HO25: 142403 | HP25: 122020 | HQ25: 20383 | HR25: =(HQ25/HI25)*100 -> 0.3714027 | HS25: =HX25-IA25 -> 5520944 | HT25: 130697 | HU25: 118249 | HV25: 12448 | HW25: =(HV25/HN25)*100 -> 0.2259782 | HX25: =IC25-IF25 -> 5522105 | HY25: 115590 | HZ25: 114429 | IA25: 1161 | IB25: =(IA25/HS25)*100 -> 0.021029012 | IC25: =IH25-IK25 -> 5413249 | ID25: 94165 | IE25: 203021 | IF25: -108856 | IG25: =(IF25/HX25)*100 -> -1.9712773 | IH25: =IM25-IP25 -> 5440757 | II25: 171370 | IJ25: 143862 | IK25: 27508 | IL25: =(IK25/IC25)*100 -> 0.50816063 | IM25: =IR25-IU25 -> 5534549 | IN25: 246156 | IO25: 152364 | IP25: 93792 | IQ25: =(IP25/IH25)*100 -> 1.7238778 | IR25: =IW25-IZ25 -> 5591339 | IS25: 207566 | IT25: 150776 | IU25: 56790 | IV25: =(IU25/IM25)*100 -> 1.0260999 | IW25: =JB25-JE25 -> 5631466 | IX25: 190774 | IY25: 150647 | IZ25: 40127 | JA25: =(IZ25/IR25)*100 -> 0.71766351 | JB25: =JG25-JJ25 -> 5655704 | JC25: 170462 | JD25: 146224 | JE25: 24238 | JF25: =(JE25/IW25)*100 -> 0.43040302 | JG25: =JL25-JO25 -> 5669233 | JH25: 160351 | JI25: 146822 | JJ25: 13529 | JK25: =(JJ25/JB25)*100 -> 0.23920983 | JL25: =JQ25-JT25 -> 5680335 | JM25: 165130 | JN25: 154028 | JO25: 11102 | JP25: =(JO25/JG25)*100 -> 0.19582896 | JQ25: =JV25-JY25 -> 5719333 | JR25: 188537 | JS25: 149539 | JT25: 38998 | JU25: =(JT25/JL25)*100 -> 0.68654402 | JV25: =KA25-KD25 -> 5750379 | JW25: 165040 | JX25: 133994 | JY25: 31046 | JZ25: =(JY25/JQ25)*100 -> 0.54282554 | KA25: =KF25-KI25 -> 5761077 | KB25: 150744 | KC25: 140046 | KD25: 10698 | KE25: =(KD25/JV25)*100 -> 0.18603991 | KF25: =KK25-KN25 -> 5759174 | KG25: 124241 | KH25: 126144 | KI25: -1903 | KJ25: =(KI25/KA25)*100 -> -0.033032018 | KK25: =KP25-KS25 -> 5625871 | KL25: 96271 | KM25: 229574 | KN25: -133303 | KO25: =(KN25/KF25)*100 -> -2.3146201 | KP25: =KU25-KX25 -> 5647968 | KQ25: 189851 | KR25: 167754 | KS25: 22097 | KT25: =(KS25/KK25)*100 -> 0.39277474 | KU25: =KZ25-LC25 -> 5746379 | KV25: 272247 | KW25: 173836 | KX25: 98411 | KY25: =(KX25/KP25)*100 -> 1.7424143 | KZ25: =LE25-LH25 -> 5778907 | LA25: 188905 | LB25: 156377 | LC25: 32528 | LD25: =(LC25/KU25)*100 -> 0.56606082 | LE25: =LJ25-LM25 -> 5816468 | LF25: 181621 | LG25: 144060 | LH25: 37561 | LI25: =(LH25/KZ25)*100 -> 0.6499672 | LJ25: =LO25-LR25 -> 5840064 | LK25: 171923 | LL25: 148327 | LM25: 23596 | LN25: =(LM25/LE25)*100 -> 0.40567575 | LO25: =LT25-LW25 -> 5852885 | LP25: 160721 | LQ25: 147900 | LR25: 12821 | LS25: =(LR25/LJ25)*100 -> 0.21953527 | LT25: =LY25-MB25 -> 5856881 | LU25: 166753 | LV25: 162757 | LW25: 3996 | LX25: =(LW25/LO25)*100 -> 0.068274022 | LY25: =MD25-MG25 -> 5895916 | LZ25: 196357 | MA25: 157322 | MB25: 39035 | MC25: =(MB25/LT25)*100 -> 0.66648102 | MD25: =MI25-ML25 -> 5912901 | ME25: 179909 | MF25: 162924 | MG25: 16985 | MH25: =(MG25/LY25)*100 -> 0.28808077 | MI25: =MN25-MQ25 -> 5925643 | MJ25: 161501 | MK25: 148759 | ML25: 12742 | MM25: =(ML25/MD25)*100 -> 0.2154949 | MN25: =MS25-MV25 -> 5930468 | MO25: 132077 | MP25: 127252 | MQ25: 4825 | MR25: =(MQ25/MI25)*100 -> 0.081425763 | MS25: 5807576 | MT25: 100347 | MU25: 223239 | MV25: -122892 | MW25: =(MV25/MN25)*100 -> -2.0722142 | MX25: =MS25+NA25 -> 5815707 | MY25: 175726 | MZ25: 167595 | NA25: 8131 | NB25: 0.12607738 | NC25: =MX25+NF25 -> 5895495 | ND25: 254305 | NE25: 174517 | NF25: 79788 | NG25: =(NF25/NC25)*100 -> 1.3533724 | NH25: =NC25+NK25 -> 5945677 | NI25: 224463 | NJ25: 174281 | NK25: 50182 | NL25: =(NK25/NH25)*100 -> 0.84400818 | NM25: =NH25+NP25 -> 5974712 | NN25: 190700 | NO25: 161665 | NP25: 29035 | NQ25: 0.48791373 | NR25: =NM25+NU25 -> 5995559 | NS25: 177919 | NT25: 157072 | NU25: 20847 | NV25: 0.34856105 | NW25: =NR25+NZ25 -> 6009489 | NX25: 175863 | NY25: 161933 | NZ25: 13930 | OA25: 0.2320745 | OB25: =NW25+OE25 -> 6010240 | OC25: 174744 | OD25: 173993 | OE25: 751 | OF25: 0.012489 | OG25: =SUM(ND25,MY25,NI25,NN25,NS25,NX25,OC25) -> 1373720 | OH25: =SUM(NE25,MZ25,NJ25,NO25,NT25,NY25,OD25) -> 1171056 | OI25: =SUM(NF25,NA25,NK25,NP25,NU25,NZ25,OE25) -> 202664 | OJ25: =(OI25/MS25)*100 -> 3.4896487 | OK25: =SUM(MT25,MO25,MJ25,ME25,LZ25,MY25,ND25,NI25,NN25,NS25,NX25,OC25) -> 2143911 | OL25: =SUM(MU25,MP25,MK25,MF25,MA25,MZ25,NE25,NJ25,NO25,NT25,NY25,OD25) -> 1990552 | OM25: =SUM(MV25,MQ25,ML25,MG25,MB25,NA25,NF25,NK25,NP25,NU25,NZ25,OE25) -> 153359 | ON25: =OM25/(OB25-OM25)*100 -> 2.6184415
